[
    {
        "id": 1,
        "task_type": "TypeB",
        "complexity": 3,
        "quality_threshold": 0.8,
        "location": [
            116.455,
            39.89096
        ],
        "num_area": 1,
        "start_time": "12:00:00",
        "end_time": "15:00:00",
        "budget": 140,
        "remain_budget": 140,
        "sensing_time": 15,
        "sensing_rounds": 4,
        "interval": 0.75,
        "assigned_workers": []
    },
    {
        "id": 2,
        "task_type": "TypeB",
        "complexity": 1,
        "quality_threshold": 0.6,
        "location": [
            116.41547,
            39.90203
        ],
        "num_area": 1,
        "start_time": "09:00:00",
        "end_time": "10:00:00",
        "budget": 25,
        "remain_budget": 25,
        "sensing_time": 5,
        "sensing_rounds": 1,
        "interval": 1.0,
        "assigned_workers": []
    },
    {
        "id": 3,
        "task_type": "TypeD",
        "complexity": 1,
        "quality_threshold": 0.65,
        "location": [
            [
                116.41576,
                39.90055
            ]
        ],
        "num_area": 1,
        "start_time": "13:40:28",
        "end_time": "15:40:28",
        "budget": 50,
        "remain_budget": 50,
        "sensing_time": 10,
        "sensing_rounds": 0,
        "interval": 0,
        "assigned_workers": []
    },
    {
        "id": 4,
        "task_type": "TypeB",
        "complexity": 2,
        "quality_threshold": 0.7,
        "location": [
            116.37691,
            39.91842
        ],
        "num_area": 1,
        "start_time": "08:00:00",
        "end_time": "10:15:00",
        "budget": 90,
        "remain_budget": 90,
        "sensing_time": 10,
        "sensing_rounds": 3,
        "interval": 0.75,
        "assigned_workers": []
    },
    {
        "id": 5,
        "task_type": "TypeB",
        "complexity": 2,
        "quality_threshold": 0.7,
        "location": [
            116.37659,
            39.91953
        ],
        "num_area": 1,
        "start_time": "14:00:00",
        "end_time": "18:00:00",
        "budget": 120,
        "remain_budget": 120,
        "sensing_time": 10,
        "sensing_rounds": 4,
        "interval": 1.0,
        "assigned_workers": []
    },
    {
        "id": 6,
        "task_type": "TypeD",
        "complexity": 1,
        "quality_threshold": 0.65,
        "location": [
            [
                116.35457,
                39.92701
            ],
            [
                116.36358,
                39.92701
            ]
        ],
        "num_area": 2,
        "start_time": "09:33:38",
        "end_time": "11:33:38",
        "budget": 100,
        "remain_budget": 100,
        "sensing_time": 10,
        "sensing_rounds": 0,
        "interval": 0,
        "assigned_workers": []
    },
    {
        "id": 7,
        "task_type": "TypeB",
        "complexity": 2,
        "quality_threshold": 0.7,
        "location": [
            116.35491,
            39.9295
        ],
        "num_area": 1,
        "start_time": "18:00:00",
        "end_time": "19:00:00",
        "budget": 30,
        "remain_budget": 30,
        "sensing_time": 10,
        "sensing_rounds": 1,
        "interval": 1.0,
        "assigned_workers": []
    },
    {
        "id": 8,
        "task_type": "TypeD",
        "complexity": 1,
        "quality_threshold": 0.65,
        "location": [
            [
                116.4217,
                39.90049
            ],
            [
                116.4217,
                39.88024
            ]
        ],
        "num_area": 2,
        "start_time": "10:55:37",
        "end_time": "13:55:37",
        "budget": 100,
        "remain_budget": 100,
        "sensing_time": 10,
        "sensing_rounds": 0,
        "interval": 0,
        "assigned_workers": []
    },
    {
        "id": 9,
        "task_type": "TypeC",
        "complexity": 2,
        "quality_threshold": 0.75,
        "location": [
            [
                116.35489,
                39.94253
            ]
        ],
        "num_area": 1,
        "start_time": "17:00:00",
        "end_time": "20:00:00",
        "budget": 60,
        "remain_budget": 60,
        "sensing_time": 20,
        "sensing_rounds": 0,
        "interval": 0,
        "assigned_workers": []
    },
    {
        "id": 10,
        "task_type": "TypeC",
        "complexity": 2,
        "quality_threshold": 0.75,
        "location": [
            [
                116.47411,
                39.91265
            ],
            [
                116.48312,
                39.91265
            ]
        ],
        "num_area": 2,
        "start_time": "16:00:00",
        "end_time": "20:00:00",
        "budget": 120,
        "remain_budget": 120,
        "sensing_time": 20,
        "sensing_rounds": 0,
        "interval": 0,
        "assigned_workers": []
    },
    {
        "id": 11,
        "task_type": "TypeD",
        "complexity": 2,
        "quality_threshold": 0.75,
        "location": [
            [
                116.45671,
                39.89354
            ],
            [
                116.46572,
                39.89354
            ],
            [
                116.45671,
                39.87332
            ],
            [
                116.46572,
                39.87333
            ]
        ],
        "num_area": 4,
        "start_time": "18:48:46",
        "end_time": "20:00:00",
        "budget": 240,
        "remain_budget": 240,
        "sensing_time": 20,
        "sensing_rounds": 0,
        "interval": 0,
        "assigned_workers": []
    },
    {
        "id": 12,
        "task_type": "TypeC",
        "complexity": 3,
        "quality_threshold": 0.8500000000000001,
        "location": [
            [
                116.41383,
                39.91771
            ],
            [
                116.42284,
                39.91771
            ],
            [
                116.43185,
                39.91771
            ]
        ],
        "num_area": 3,
        "start_time": "12:00:00",
        "end_time": "16:00:00",
        "budget": 210,
        "remain_budget": 210,
        "sensing_time": 30,
        "sensing_rounds": 0,
        "interval": 0,
        "assigned_workers": []
    },
    {
        "id": 13,
        "task_type": "TypeC",
        "complexity": 1,
        "quality_threshold": 0.65,
        "location": [
            [
                116.42017,
                39.90287
            ],
            [
                116.42918,
                39.90287
            ],
            [
                116.43819,
                39.90287
            ],
            [
                116.42017,
                39.88262
            ],
            [
                116.42918,
                39.88263
            ],
            [
                116.43819,
                39.88264
            ],
            [
                116.42017,
                39.86238
            ],
            [
                116.42918,
                39.86239
            ],
            [
                116.43819,
                39.8624
            ]
        ],
        "num_area": 9,
        "start_time": "11:00:00",
        "end_time": "17:00:00",
        "budget": 450,
        "remain_budget": 450,
        "sensing_time": 10,
        "sensing_rounds": 0,
        "interval": 0,
        "assigned_workers": []
    },
    {
        "id": 14,
        "task_type": "TypeB",
        "complexity": 2,
        "quality_threshold": 0.7,
        "location": [
            116.41155,
            39.90665
        ],
        "num_area": 1,
        "start_time": "16:00:00",
        "end_time": "17:00:00",
        "budget": 30,
        "remain_budget": 30,
        "sensing_time": 10,
        "sensing_rounds": 1,
        "interval": 1.0,
        "assigned_workers": []
    },
    {
        "id": 15,
        "task_type": "TypeD",
        "complexity": 1,
        "quality_threshold": 0.65,
        "location": [
            [
                116.3258,
                39.90183
            ],
            [
                116.3258,
                39.88152
            ]
        ],
        "num_area": 2,
        "start_time": "11:26:23",
        "end_time": "13:26:23",
        "budget": 100,
        "remain_budget": 100,
        "sensing_time": 10,
        "sensing_rounds": 0,
        "interval": 0,
        "assigned_workers": []
    },
    {
        "id": 16,
        "task_type": "TypeD",
        "complexity": 3,
        "quality_threshold": 0.8500000000000001,
        "location": [
            [
                116.41703,
                39.90834
            ],
            [
                116.42604,
                39.90834
            ]
        ],
        "num_area": 2,
        "start_time": "10:17:18",
        "end_time": "12:17:18",
        "budget": 140,
        "remain_budget": 140,
        "sensing_time": 30,
        "sensing_rounds": 0,
        "interval": 0,
        "assigned_workers": []
    },
    {
        "id": 17,
        "task_type": "TypeD",
        "complexity": 3,
        "quality_threshold": 0.8500000000000001,
        "location": [
            [
                116.35621,
                39.94192
            ]
        ],
        "num_area": 1,
        "start_time": "12:24:29",
        "end_time": "16:24:29",
        "budget": 70,
        "remain_budget": 70,
        "sensing_time": 30,
        "sensing_rounds": 0,
        "interval": 0,
        "assigned_workers": []
    },
    {
        "id": 18,
        "task_type": "TypeB",
        "complexity": 3,
        "quality_threshold": 0.8,
        "location": [
            116.41085,
            39.90793
        ],
        "num_area": 1,
        "start_time": "12:00:00",
        "end_time": "13:00:00",
        "budget": 35,
        "remain_budget": 35,
        "sensing_time": 15,
        "sensing_rounds": 1,
        "interval": 1.0,
        "assigned_workers": []
    },
    {
        "id": 19,
        "task_type": "TypeB",
        "complexity": 3,
        "quality_threshold": 0.8,
        "location": [
            116.37646,
            39.91736
        ],
        "num_area": 1,
        "start_time": "09:00:00",
        "end_time": "13:00:00",
        "budget": 140,
        "remain_budget": 140,
        "sensing_time": 15,
        "sensing_rounds": 4,
        "interval": 1.0,
        "assigned_workers": []
    },
    {
        "id": 20,
        "task_type": "TypeB",
        "complexity": 3,
        "quality_threshold": 0.8,
        "location": [
            116.45897,
            39.89516
        ],
        "num_area": 1,
        "start_time": "15:00:00",
        "end_time": "18:00:00",
        "budget": 105,
        "remain_budget": 105,
        "sensing_time": 15,
        "sensing_rounds": 3,
        "interval": 1.0,
        "assigned_workers": []
    },
    {
        "id": 21,
        "task_type": "TypeD",
        "complexity": 2,
        "quality_threshold": 0.75,
        "location": [
            [
                116.42305,
                39.9041
            ],
            [
                116.42305,
                39.88385
            ]
        ],
        "num_area": 2,
        "start_time": "16:09:08",
        "end_time": "19:09:08",
        "budget": 120,
        "remain_budget": 120,
        "sensing_time": 20,
        "sensing_rounds": 0,
        "interval": 0,
        "assigned_workers": []
    },
    {
        "id": 22,
        "task_type": "TypeD",
        "complexity": 1,
        "quality_threshold": 0.65,
        "location": [
            [
                116.37516,
                39.91546
            ]
        ],
        "num_area": 1,
        "start_time": "15:51:54",
        "end_time": "18:51:54",
        "budget": 50,
        "remain_budget": 50,
        "sensing_time": 10,
        "sensing_rounds": 0,
        "interval": 0,
        "assigned_workers": []
    },
    {
        "id": 23,
        "task_type": "TypeD",
        "complexity": 3,
        "quality_threshold": 0.8500000000000001,
        "location": [
            [
                116.37992,
                39.91632
            ],
            [
                116.38893,
                39.91632
            ]
        ],
        "num_area": 2,
        "start_time": "09:53:31",
        "end_time": "11:53:31",
        "budget": 140,
        "remain_budget": 140,
        "sensing_time": 30,
        "sensing_rounds": 0,
        "interval": 0,
        "assigned_workers": []
    },
    {
        "id": 24,
        "task_type": "TypeB",
        "complexity": 1,
        "quality_threshold": 0.6,
        "location": [
            116.35788,
            39.94693
        ],
        "num_area": 1,
        "start_time": "14:00:00",
        "end_time": "17:00:00",
        "budget": 75,
        "remain_budget": 75,
        "sensing_time": 5,
        "sensing_rounds": 3,
        "interval": 1.0,
        "assigned_workers": []
    },
    {
        "id": 25,
        "task_type": "TypeC",
        "complexity": 2,
        "quality_threshold": 0.75,
        "location": [
            [
                116.47403,
                39.91364
            ],
            [
                116.48304,
                39.91364
            ],
            [
                116.49205,
                39.91364
            ]
        ],
        "num_area": 3,
        "start_time": "12:00:00",
        "end_time": "16:00:00",
        "budget": 180,
        "remain_budget": 180,
        "sensing_time": 20,
        "sensing_rounds": 0,
        "interval": 0,
        "assigned_workers": []
    },
    {
        "id": 26,
        "task_type": "TypeB",
        "complexity": 3,
        "quality_threshold": 0.8,
        "location": [
            116.42362,
            39.90405
        ],
        "num_area": 1,
        "start_time": "13:00:00",
        "end_time": "15:15:00",
        "budget": 105,
        "remain_budget": 105,
        "sensing_time": 15,
        "sensing_rounds": 3,
        "interval": 0.75,
        "assigned_workers": []
    },
    {
        "id": 27,
        "task_type": "TypeB",
        "complexity": 2,
        "quality_threshold": 0.7,
        "location": [
            116.35299,
            39.91658
        ],
        "num_area": 1,
        "start_time": "16:00:00",
        "end_time": "19:00:00",
        "budget": 90,
        "remain_budget": 90,
        "sensing_time": 10,
        "sensing_rounds": 3,
        "interval": 1.0,
        "assigned_workers": []
    },
    {
        "id": 28,
        "task_type": "TypeD",
        "complexity": 2,
        "quality_threshold": 0.75,
        "location": [
            [
                116.42188,
                39.90052
            ],
            [
                116.43089,
                39.90052
            ]
        ],
        "num_area": 2,
        "start_time": "08:56:09",
        "end_time": "12:56:09",
        "budget": 120,
        "remain_budget": 120,
        "sensing_time": 20,
        "sensing_rounds": 0,
        "interval": 0,
        "assigned_workers": []
    },
    {
        "id": 29,
        "task_type": "TypeB",
        "complexity": 2,
        "quality_threshold": 0.7,
        "location": [
            116.35946,
            39.91611
        ],
        "num_area": 1,
        "start_time": "15:00:00",
        "end_time": "15:45:00",
        "budget": 30,
        "remain_budget": 30,
        "sensing_time": 10,
        "sensing_rounds": 1,
        "interval": 0.75,
        "assigned_workers": []
    },
    {
        "id": 30,
        "task_type": "TypeA",
        "complexity": 2,
        "quality_threshold": 0.7,
        "location": [
            116.35439,
            39.94894
        ],
        "num_area": 1,
        "start_time": "12:00:00",
        "end_time": "15:45:00",
        "budget": 150,
        "remain_budget": 150,
        "sensing_time": 10,
        "sensing_rounds": 5,
        "interval": 0.75,
        "assigned_workers": []
    },
    {
        "id": 31,
        "task_type": "TypeD",
        "complexity": 1,
        "quality_threshold": 0.65,
        "location": [
            [
                116.41196,
                39.91546
            ]
        ],
        "num_area": 1,
        "start_time": "14:50:14",
        "end_time": "16:50:14",
        "budget": 50,
        "remain_budget": 50,
        "sensing_time": 10,
        "sensing_rounds": 0,
        "interval": 0,
        "assigned_workers": []
    },
    {
        "id": 32,
        "task_type": "TypeC",
        "complexity": 2,
        "quality_threshold": 0.75,
        "location": [
            [
                116.3232,
                39.90461
            ],
            [
                116.33221,
                39.90461
            ],
            [
                116.34122,
                39.90461
            ],
            [
                116.3232,
                39.88429
            ],
            [
                116.33221,
                39.8843
            ],
            [
                116.34122,
                39.88431
            ]
        ],
        "num_area": 6,
        "start_time": "17:00:00",
        "end_time": "20:00:00",
        "budget": 360,
        "remain_budget": 360,
        "sensing_time": 20,
        "sensing_rounds": 0,
        "interval": 0,
        "assigned_workers": []
    },
    {
        "id": 33,
        "task_type": "TypeD",
        "complexity": 1,
        "quality_threshold": 0.65,
        "location": [
            [
                116.35859,
                39.91109
            ],
            [
                116.35859,
                39.8908
            ]
        ],
        "num_area": 2,
        "start_time": "18:21:37",
        "end_time": "20:00:00",
        "budget": 100,
        "remain_budget": 100,
        "sensing_time": 10,
        "sensing_rounds": 0,
        "interval": 0,
        "assigned_workers": []
    },
    {
        "id": 34,
        "task_type": "TypeC",
        "complexity": 1,
        "quality_threshold": 0.65,
        "location": [
            [
                116.37084,
                39.91416
            ],
            [
                116.37084,
                39.89388
            ],
            [
                116.37084,
                39.8736
            ]
        ],
        "num_area": 3,
        "start_time": "11:00:00",
        "end_time": "15:00:00",
        "budget": 150,
        "remain_budget": 150,
        "sensing_time": 10,
        "sensing_rounds": 0,
        "interval": 0,
        "assigned_workers": []
    },
    {
        "id": 35,
        "task_type": "TypeD",
        "complexity": 2,
        "quality_threshold": 0.75,
        "location": [
            [
                116.42674,
                39.90378
            ],
            [
                116.43575,
                39.90378
            ],
            [
                116.42674,
                39.88354
            ],
            [
                116.43575,
                39.88354
            ]
        ],
        "num_area": 4,
        "start_time": "17:35:02",
        "end_time": "20:00:00",
        "budget": 240,
        "remain_budget": 240,
        "sensing_time": 20,
        "sensing_rounds": 0,
        "interval": 0,
        "assigned_workers": []
    },
    {
        "id": 36,
        "task_type": "TypeD",
        "complexity": 2,
        "quality_threshold": 0.75,
        "location": [
            [
                116.37405,
                39.91183
            ],
            [
                116.38306,
                39.91183
            ],
            [
                116.37405,
                39.89155
            ],
            [
                116.38306,
                39.89156
            ]
        ],
        "num_area": 4,
        "start_time": "12:27:33",
        "end_time": "15:27:33",
        "budget": 240,
        "remain_budget": 240,
        "sensing_time": 20,
        "sensing_rounds": 0,
        "interval": 0,
        "assigned_workers": []
    },
    {
        "id": 37,
        "task_type": "TypeD",
        "complexity": 1,
        "quality_threshold": 0.65,
        "location": [
            [
                116.35887,
                39.91751
            ],
            [
                116.35887,
                39.89722
            ]
        ],
        "num_area": 2,
        "start_time": "17:32:04",
        "end_time": "19:32:04",
        "budget": 100,
        "remain_budget": 100,
        "sensing_time": 10,
        "sensing_rounds": 0,
        "interval": 0,
        "assigned_workers": []
    },
    {
        "id": 38,
        "task_type": "TypeD",
        "complexity": 3,
        "quality_threshold": 0.8500000000000001,
        "location": [
            [
                116.45137,
                39.89339
            ],
            [
                116.46038,
                39.89339
            ]
        ],
        "num_area": 2,
        "start_time": "13:12:24",
        "end_time": "15:12:24",
        "budget": 140,
        "remain_budget": 140,
        "sensing_time": 30,
        "sensing_rounds": 0,
        "interval": 0,
        "assigned_workers": []
    },
    {
        "id": 39,
        "task_type": "TypeC",
        "complexity": 1,
        "quality_threshold": 0.65,
        "location": [
            [
                116.35988,
                39.94626
            ],
            [
                116.35988,
                39.92597
            ]
        ],
        "num_area": 2,
        "start_time": "12:00:00",
        "end_time": "18:00:00",
        "budget": 100,
        "remain_budget": 100,
        "sensing_time": 10,
        "sensing_rounds": 0,
        "interval": 0,
        "assigned_workers": []
    },
    {
        "id": 40,
        "task_type": "TypeB",
        "complexity": 3,
        "quality_threshold": 0.8,
        "location": [
            116.47321,
            39.91016
        ],
        "num_area": 1,
        "start_time": "13:00:00",
        "end_time": "14:30:00",
        "budget": 70,
        "remain_budget": 70,
        "sensing_time": 15,
        "sensing_rounds": 2,
        "interval": 0.75,
        "assigned_workers": []
    },
    {
        "id": 41,
        "task_type": "TypeA",
        "complexity": 1,
        "quality_threshold": 0.6,
        "location": [
            116.32378,
            39.90797
        ],
        "num_area": 1,
        "start_time": "08:00:00",
        "end_time": "12:30:00",
        "budget": 150,
        "remain_budget": 150,
        "sensing_time": 5,
        "sensing_rounds": 6,
        "interval": 0.75,
        "assigned_workers": []
    },
    {
        "id": 42,
        "task_type": "TypeA",
        "complexity": 2,
        "quality_threshold": 0.7,
        "location": [
            116.42141,
            39.90334
        ],
        "num_area": 1,
        "start_time": "14:00:00",
        "end_time": "18:00:00",
        "budget": 120,
        "remain_budget": 120,
        "sensing_time": 10,
        "sensing_rounds": 4,
        "interval": 1.0,
        "assigned_workers": []
    },
    {
        "id": 43,
        "task_type": "TypeB",
        "complexity": 1,
        "quality_threshold": 0.6,
        "location": [
            116.45055,
            39.89474
        ],
        "num_area": 1,
        "start_time": "16:00:00",
        "end_time": "17:00:00",
        "budget": 25,
        "remain_budget": 25,
        "sensing_time": 5,
        "sensing_rounds": 1,
        "interval": 1.0,
        "assigned_workers": []
    },
    {
        "id": 44,
        "task_type": "TypeD",
        "complexity": 3,
        "quality_threshold": 0.8500000000000001,
        "location": [
            [
                116.32687,
                39.90296
            ],
            [
                116.33588,
                39.90296
            ],
            [
                116.32687,
                39.88265
            ],
            [
                116.33588,
                39.88265
            ]
        ],
        "num_area": 4,
        "start_time": "14:27:22",
        "end_time": "17:27:22",
        "budget": 280,
        "remain_budget": 280,
        "sensing_time": 30,
        "sensing_rounds": 0,
        "interval": 0,
        "assigned_workers": []
    },
    {
        "id": 45,
        "task_type": "TypeD",
        "complexity": 1,
        "quality_threshold": 0.65,
        "location": [
            [
                116.35209,
                39.91578
            ],
            [
                116.3611,
                39.91578
            ]
        ],
        "num_area": 2,
        "start_time": "11:36:10",
        "end_time": "13:36:10",
        "budget": 100,
        "remain_budget": 100,
        "sensing_time": 10,
        "sensing_rounds": 0,
        "interval": 0,
        "assigned_workers": []
    },
    {
        "id": 46,
        "task_type": "TypeB",
        "complexity": 1,
        "quality_threshold": 0.6,
        "location": [
            116.41747,
            39.90815
        ],
        "num_area": 1,
        "start_time": "12:00:00",
        "end_time": "15:00:00",
        "budget": 100,
        "remain_budget": 100,
        "sensing_time": 5,
        "sensing_rounds": 4,
        "interval": 0.75,
        "assigned_workers": []
    },
    {
        "id": 47,
        "task_type": "TypeA",
        "complexity": 2,
        "quality_threshold": 0.7,
        "location": [
            116.35933,
            39.92345
        ],
        "num_area": 1,
        "start_time": "09:00:00",
        "end_time": "14:00:00",
        "budget": 150,
        "remain_budget": 150,
        "sensing_time": 10,
        "sensing_rounds": 5,
        "interval": 1.0,
        "assigned_workers": []
    },
    {
        "id": 48,
        "task_type": "TypeC",
        "complexity": 3,
        "quality_threshold": 0.8500000000000001,
        "location": [
            [
                116.32147,
                39.9041
            ],
            [
                116.32147,
                39.88378
            ]
        ],
        "num_area": 2,
        "start_time": "16:00:00",
        "end_time": "20:00:00",
        "budget": 140,
        "remain_budget": 140,
        "sensing_time": 30,
        "sensing_rounds": 0,
        "interval": 0,
        "assigned_workers": []
    },
    {
        "id": 49,
        "task_type": "TypeD",
        "complexity": 1,
        "quality_threshold": 0.65,
        "location": [
            [
                116.41395,
                39.9117
            ]
        ],
        "num_area": 1,
        "start_time": "16:25:13",
        "end_time": "18:25:13",
        "budget": 50,
        "remain_budget": 50,
        "sensing_time": 10,
        "sensing_rounds": 0,
        "interval": 0,
        "assigned_workers": []
    },
    {
        "id": 50,
        "task_type": "TypeA",
        "complexity": 1,
        "quality_threshold": 0.6,
        "location": [
            116.35838,
            39.94123
        ],
        "num_area": 1,
        "start_time": "08:00:00",
        "end_time": "12:00:00",
        "budget": 100,
        "remain_budget": 100,
        "sensing_time": 5,
        "sensing_rounds": 4,
        "interval": 1.0,
        "assigned_workers": []
    },
    {
        "id": 51,
        "task_type": "TypeB",
        "complexity": 1,
        "quality_threshold": 0.6,
        "location": [
            116.35839,
            39.92558
        ],
        "num_area": 1,
        "start_time": "14:00:00",
        "end_time": "16:15:00",
        "budget": 75,
        "remain_budget": 75,
        "sensing_time": 5,
        "sensing_rounds": 3,
        "interval": 0.75,
        "assigned_workers": []
    },
    {
        "id": 52,
        "task_type": "TypeD",
        "complexity": 3,
        "quality_threshold": 0.8500000000000001,
        "location": [
            [
                116.32036,
                39.90858
            ],
            [
                116.32937,
                39.90858
            ],
            [
                116.32036,
                39.88826
            ],
            [
                116.32937,
                39.88827
            ]
        ],
        "num_area": 4,
        "start_time": "18:03:06",
        "end_time": "20:00:00",
        "budget": 280,
        "remain_budget": 280,
        "sensing_time": 30,
        "sensing_rounds": 0,
        "interval": 0,
        "assigned_workers": []
    },
    {
        "id": 53,
        "task_type": "TypeB",
        "complexity": 1,
        "quality_threshold": 0.6,
        "location": [
            116.41137,
            39.91775
        ],
        "num_area": 1,
        "start_time": "13:00:00",
        "end_time": "16:00:00",
        "budget": 75,
        "remain_budget": 75,
        "sensing_time": 5,
        "sensing_rounds": 3,
        "interval": 1.0,
        "assigned_workers": []
    },
    {
        "id": 54,
        "task_type": "TypeD",
        "complexity": 2,
        "quality_threshold": 0.75,
        "location": [
            [
                116.35975,
                39.92124
            ],
            [
                116.36876,
                39.92124
            ],
            [
                116.35975,
                39.90095
            ],
            [
                116.36876,
                39.90096
            ]
        ],
        "num_area": 4,
        "start_time": "08:38:45",
        "end_time": "12:38:45",
        "budget": 240,
        "remain_budget": 240,
        "sensing_time": 20,
        "sensing_rounds": 0,
        "interval": 0,
        "assigned_workers": []
    },
    {
        "id": 55,
        "task_type": "TypeA",
        "complexity": 2,
        "quality_threshold": 0.7,
        "location": [
            116.41499,
            39.90023
        ],
        "num_area": 1,
        "start_time": "15:00:00",
        "end_time": "18:00:00",
        "budget": 120,
        "remain_budget": 120,
        "sensing_time": 10,
        "sensing_rounds": 4,
        "interval": 0.75,
        "assigned_workers": []
    },
    {
        "id": 56,
        "task_type": "TypeC",
        "complexity": 2,
        "quality_threshold": 0.75,
        "location": [
            [
                116.35049,
                39.91817
            ],
            [
                116.3595,
                39.91817
            ],
            [
                116.36851,
                39.91817
            ],
            [
                116.35049,
                39.89787
            ],
            [
                116.3595,
                39.89788
            ],
            [
                116.36851,
                39.89789
            ]
        ],
        "num_area": 6,
        "start_time": "11:00:00",
        "end_time": "17:00:00",
        "budget": 360,
        "remain_budget": 360,
        "sensing_time": 20,
        "sensing_rounds": 0,
        "interval": 0,
        "assigned_workers": []
    },
    {
        "id": 57,
        "task_type": "TypeA",
        "complexity": 1,
        "quality_threshold": 0.6,
        "location": [
            116.41556,
            39.9185
        ],
        "num_area": 1,
        "start_time": "09:00:00",
        "end_time": "13:00:00",
        "budget": 100,
        "remain_budget": 100,
        "sensing_time": 5,
        "sensing_rounds": 4,
        "interval": 1.0,
        "assigned_workers": []
    },
    {
        "id": 58,
        "task_type": "TypeD",
        "complexity": 3,
        "quality_threshold": 0.8500000000000001,
        "location": [
            [
                116.4765,
                39.91352
            ],
            [
                116.48551,
                39.91352
            ]
        ],
        "num_area": 2,
        "start_time": "17:45:23",
        "end_time": "20:00:00",
        "budget": 140,
        "remain_budget": 140,
        "sensing_time": 30,
        "sensing_rounds": 0,
        "interval": 0,
        "assigned_workers": []
    },
    {
        "id": 59,
        "task_type": "TypeB",
        "complexity": 3,
        "quality_threshold": 0.8,
        "location": [
            116.35028,
            39.92741
        ],
        "num_area": 1,
        "start_time": "08:00:00",
        "end_time": "09:00:00",
        "budget": 35,
        "remain_budget": 35,
        "sensing_time": 15,
        "sensing_rounds": 1,
        "interval": 1.0,
        "assigned_workers": []
    },
    {
        "id": 60,
        "task_type": "TypeB",
        "complexity": 3,
        "quality_threshold": 0.8,
        "location": [
            116.41047,
            39.91419
        ],
        "num_area": 1,
        "start_time": "10:00:00",
        "end_time": "12:00:00",
        "budget": 70,
        "remain_budget": 70,
        "sensing_time": 15,
        "sensing_rounds": 2,
        "interval": 1.0,
        "assigned_workers": []
    },
    {
        "id": 61,
        "task_type": "TypeD",
        "complexity": 3,
        "quality_threshold": 0.8500000000000001,
        "location": [
            [
                116.35982,
                39.91957
            ]
        ],
        "num_area": 1,
        "start_time": "17:36:43",
        "end_time": "20:00:00",
        "budget": 70,
        "remain_budget": 70,
        "sensing_time": 30,
        "sensing_rounds": 0,
        "interval": 0,
        "assigned_workers": []
    },
    {
        "id": 62,
        "task_type": "TypeA",
        "complexity": 1,
        "quality_threshold": 0.6,
        "location": [
            116.41572,
            39.91082
        ],
        "num_area": 1,
        "start_time": "09:00:00",
        "end_time": "12:00:00",
        "budget": 100,
        "remain_budget": 100,
        "sensing_time": 5,
        "sensing_rounds": 4,
        "interval": 0.75,
        "assigned_workers": []
    },
    {
        "id": 63,
        "task_type": "TypeC",
        "complexity": 2,
        "quality_threshold": 0.75,
        "location": [
            [
                116.32935,
                39.90503
            ],
            [
                116.32935,
                39.88472
            ],
            [
                116.32935,
                39.86441
            ]
        ],
        "num_area": 3,
        "start_time": "16:00:00",
        "end_time": "20:00:00",
        "budget": 180,
        "remain_budget": 180,
        "sensing_time": 20,
        "sensing_rounds": 0,
        "interval": 0,
        "assigned_workers": []
    },
    {
        "id": 64,
        "task_type": "TypeB",
        "complexity": 3,
        "quality_threshold": 0.8,
        "location": [
            116.41839,
            39.91845
        ],
        "num_area": 1,
        "start_time": "18:00:00",
        "end_time": "19:00:00",
        "budget": 35,
        "remain_budget": 35,
        "sensing_time": 15,
        "sensing_rounds": 1,
        "interval": 1.0,
        "assigned_workers": []
    },
    {
        "id": 65,
        "task_type": "TypeB",
        "complexity": 3,
        "quality_threshold": 0.8,
        "location": [
            116.35216,
            39.94441
        ],
        "num_area": 1,
        "start_time": "14:00:00",
        "end_time": "14:45:00",
        "budget": 35,
        "remain_budget": 35,
        "sensing_time": 15,
        "sensing_rounds": 1,
        "interval": 0.75,
        "assigned_workers": []
    },
    {
        "id": 66,
        "task_type": "TypeD",
        "complexity": 1,
        "quality_threshold": 0.65,
        "location": [
            [
                116.42697,
                39.90836
            ],
            [
                116.42697,
                39.88812
            ]
        ],
        "num_area": 2,
        "start_time": "12:01:04",
        "end_time": "15:01:04",
        "budget": 100,
        "remain_budget": 100,
        "sensing_time": 10,
        "sensing_rounds": 0,
        "interval": 0,
        "assigned_workers": []
    },
    {
        "id": 67,
        "task_type": "TypeC",
        "complexity": 1,
        "quality_threshold": 0.65,
        "location": [
            [
                116.3587,
                39.92843
            ],
            [
                116.36771,
                39.92843
            ],
            [
                116.37672,
                39.92843
            ],
            [
                116.3587,
                39.90814
            ],
            [
                116.36771,
                39.90815
            ],
            [
                116.37672,
                39.90815
            ]
        ],
        "num_area": 6,
        "start_time": "13:00:00",
        "end_time": "17:00:00",
        "budget": 300,
        "remain_budget": 300,
        "sensing_time": 10,
        "sensing_rounds": 0,
        "interval": 0,
        "assigned_workers": []
    },
    {
        "id": 68,
        "task_type": "TypeA",
        "complexity": 1,
        "quality_threshold": 0.6,
        "location": [
            116.41894,
            39.90585
        ],
        "num_area": 1,
        "start_time": "11:00:00",
        "end_time": "14:00:00",
        "budget": 100,
        "remain_budget": 100,
        "sensing_time": 5,
        "sensing_rounds": 4,
        "interval": 0.75,
        "assigned_workers": []
    },
    {
        "id": 69,
        "task_type": "TypeD",
        "complexity": 1,
        "quality_threshold": 0.65,
        "location": [
            [
                116.35522,
                39.91505
            ],
            [
                116.35522,
                39.89476
            ]
        ],
        "num_area": 2,
        "start_time": "14:11:55",
        "end_time": "18:11:55",
        "budget": 100,
        "remain_budget": 100,
        "sensing_time": 10,
        "sensing_rounds": 0,
        "interval": 0,
        "assigned_workers": []
    },
    {
        "id": 70,
        "task_type": "TypeD",
        "complexity": 3,
        "quality_threshold": 0.8500000000000001,
        "location": [
            [
                116.35726,
                39.92366
            ],
            [
                116.36627,
                39.92366
            ],
            [
                116.35726,
                39.90337
            ],
            [
                116.36627,
                39.90337
            ]
        ],
        "num_area": 4,
        "start_time": "17:56:10",
        "end_time": "19:56:10",
        "budget": 280,
        "remain_budget": 280,
        "sensing_time": 30,
        "sensing_rounds": 0,
        "interval": 0,
        "assigned_workers": []
    },
    {
        "id": 71,
        "task_type": "TypeB",
        "complexity": 1,
        "quality_threshold": 0.6,
        "location": [
            116.35091,
            39.9241
        ],
        "num_area": 1,
        "start_time": "14:00:00",
        "end_time": "17:00:00",
        "budget": 75,
        "remain_budget": 75,
        "sensing_time": 5,
        "sensing_rounds": 3,
        "interval": 1.0,
        "assigned_workers": []
    },
    {
        "id": 72,
        "task_type": "TypeA",
        "complexity": 1,
        "quality_threshold": 0.6,
        "location": [
            116.42788,
            39.90971
        ],
        "num_area": 1,
        "start_time": "09:00:00",
        "end_time": "13:30:00",
        "budget": 150,
        "remain_budget": 150,
        "sensing_time": 5,
        "sensing_rounds": 6,
        "interval": 0.75,
        "assigned_workers": []
    },
    {
        "id": 73,
        "task_type": "TypeD",
        "complexity": 2,
        "quality_threshold": 0.75,
        "location": [
            [
                116.37275,
                39.91508
            ],
            [
                116.37275,
                39.8948
            ]
        ],
        "num_area": 2,
        "start_time": "10:12:08",
        "end_time": "12:12:08",
        "budget": 120,
        "remain_budget": 120,
        "sensing_time": 20,
        "sensing_rounds": 0,
        "interval": 0,
        "assigned_workers": []
    },
    {
        "id": 74,
        "task_type": "TypeA",
        "complexity": 2,
        "quality_threshold": 0.7,
        "location": [
            116.35221,
            39.91017
        ],
        "num_area": 1,
        "start_time": "09:00:00",
        "end_time": "13:30:00",
        "budget": 180,
        "remain_budget": 180,
        "sensing_time": 10,
        "sensing_rounds": 6,
        "interval": 0.75,
        "assigned_workers": []
    },
    {
        "id": 75,
        "task_type": "TypeD",
        "complexity": 1,
        "quality_threshold": 0.65,
        "location": [
            [
                116.35913,
                39.94943
            ]
        ],
        "num_area": 1,
        "start_time": "14:12:56",
        "end_time": "16:12:56",
        "budget": 50,
        "remain_budget": 50,
        "sensing_time": 10,
        "sensing_rounds": 0,
        "interval": 0,
        "assigned_workers": []
    },
    {
        "id": 76,
        "task_type": "TypeA",
        "complexity": 2,
        "quality_threshold": 0.7,
        "location": [
            116.35746,
            39.92007
        ],
        "num_area": 1,
        "start_time": "14:00:00",
        "end_time": "17:45:00",
        "budget": 150,
        "remain_budget": 150,
        "sensing_time": 10,
        "sensing_rounds": 5,
        "interval": 0.75,
        "assigned_workers": []
    },
    {
        "id": 77,
        "task_type": "TypeC",
        "complexity": 3,
        "quality_threshold": 0.8500000000000001,
        "location": [
            [
                116.32942,
                39.90507
            ]
        ],
        "num_area": 1,
        "start_time": "16:00:00",
        "end_time": "20:00:00",
        "budget": 70,
        "remain_budget": 70,
        "sensing_time": 30,
        "sensing_rounds": 0,
        "interval": 0,
        "assigned_workers": []
    },
    {
        "id": 78,
        "task_type": "TypeB",
        "complexity": 2,
        "quality_threshold": 0.7,
        "location": [
            116.4136,
            39.90728
        ],
        "num_area": 1,
        "start_time": "18:00:00",
        "end_time": "19:00:00",
        "budget": 30,
        "remain_budget": 30,
        "sensing_time": 10,
        "sensing_rounds": 1,
        "interval": 1.0,
        "assigned_workers": []
    },
    {
        "id": 79,
        "task_type": "TypeB",
        "complexity": 2,
        "quality_threshold": 0.7,
        "location": [
            116.47266,
            39.91927
        ],
        "num_area": 1,
        "start_time": "08:00:00",
        "end_time": "08:45:00",
        "budget": 30,
        "remain_budget": 30,
        "sensing_time": 10,
        "sensing_rounds": 1,
        "interval": 0.75,
        "assigned_workers": []
    },
    {
        "id": 80,
        "task_type": "TypeB",
        "complexity": 1,
        "quality_threshold": 0.6,
        "location": [
            116.32027,
            39.90041
        ],
        "num_area": 1,
        "start_time": "10:00:00",
        "end_time": "13:00:00",
        "budget": 75,
        "remain_budget": 75,
        "sensing_time": 5,
        "sensing_rounds": 3,
        "interval": 1.0,
        "assigned_workers": []
    },
    {
        "id": 81,
        "task_type": "TypeC",
        "complexity": 3,
        "quality_threshold": 0.8500000000000001,
        "location": [
            [
                116.47907,
                39.91839
            ]
        ],
        "num_area": 1,
        "start_time": "09:00:00",
        "end_time": "13:00:00",
        "budget": 70,
        "remain_budget": 70,
        "sensing_time": 30,
        "sensing_rounds": 0,
        "interval": 0,
        "assigned_workers": []
    },
    {
        "id": 82,
        "task_type": "TypeD",
        "complexity": 2,
        "quality_threshold": 0.75,
        "location": [
            [
                116.47993,
                39.91303
            ],
            [
                116.48894,
                39.91303
            ]
        ],
        "num_area": 2,
        "start_time": "16:34:54",
        "end_time": "18:34:54",
        "budget": 120,
        "remain_budget": 120,
        "sensing_time": 20,
        "sensing_rounds": 0,
        "interval": 0,
        "assigned_workers": []
    },
    {
        "id": 83,
        "task_type": "TypeD",
        "complexity": 2,
        "quality_threshold": 0.75,
        "location": [
            [
                116.45663,
                39.89114
            ],
            [
                116.46564,
                39.89114
            ],
            [
                116.45663,
                39.87092
            ],
            [
                116.46564,
                39.87093
            ]
        ],
        "num_area": 4,
        "start_time": "16:30:07",
        "end_time": "19:30:07",
        "budget": 240,
        "remain_budget": 240,
        "sensing_time": 20,
        "sensing_rounds": 0,
        "interval": 0,
        "assigned_workers": []
    },
    {
        "id": 84,
        "task_type": "TypeD",
        "complexity": 1,
        "quality_threshold": 0.65,
        "location": [
            [
                116.35475,
                39.91666
            ]
        ],
        "num_area": 1,
        "start_time": "13:37:30",
        "end_time": "17:37:30",
        "budget": 50,
        "remain_budget": 50,
        "sensing_time": 10,
        "sensing_rounds": 0,
        "interval": 0,
        "assigned_workers": []
    },
    {
        "id": 85,
        "task_type": "TypeA",
        "complexity": 2,
        "quality_threshold": 0.7,
        "location": [
            116.35786,
            39.92451
        ],
        "num_area": 1,
        "start_time": "15:00:00",
        "end_time": "19:00:00",
        "budget": 120,
        "remain_budget": 120,
        "sensing_time": 10,
        "sensing_rounds": 4,
        "interval": 1.0,
        "assigned_workers": []
    },
    {
        "id": 86,
        "task_type": "TypeA",
        "complexity": 2,
        "quality_threshold": 0.7,
        "location": [
            116.3562,
            39.92001
        ],
        "num_area": 1,
        "start_time": "10:00:00",
        "end_time": "14:30:00",
        "budget": 180,
        "remain_budget": 180,
        "sensing_time": 10,
        "sensing_rounds": 6,
        "interval": 0.75,
        "assigned_workers": []
    },
    {
        "id": 87,
        "task_type": "TypeA",
        "complexity": 1,
        "quality_threshold": 0.6,
        "location": [
            116.41778,
            39.90149
        ],
        "num_area": 1,
        "start_time": "14:00:00",
        "end_time": "17:00:00",
        "budget": 100,
        "remain_budget": 100,
        "sensing_time": 5,
        "sensing_rounds": 4,
        "interval": 0.75,
        "assigned_workers": []
    },
    {
        "id": 88,
        "task_type": "TypeC",
        "complexity": 1,
        "quality_threshold": 0.65,
        "location": [
            [
                116.47764,
                39.91727
            ],
            [
                116.48665,
                39.91727
            ],
            [
                116.49566,
                39.91727
            ],
            [
                116.47764,
                39.89706
            ],
            [
                116.48665,
                39.89707
            ],
            [
                116.49566,
                39.89708
            ]
        ],
        "num_area": 6,
        "start_time": "11:00:00",
        "end_time": "15:00:00",
        "budget": 300,
        "remain_budget": 300,
        "sensing_time": 10,
        "sensing_rounds": 0,
        "interval": 0,
        "assigned_workers": []
    },
    {
        "id": 89,
        "task_type": "TypeD",
        "complexity": 3,
        "quality_threshold": 0.8500000000000001,
        "location": [
            [
                116.45075,
                39.89852
            ]
        ],
        "num_area": 1,
        "start_time": "11:34:20",
        "end_time": "13:34:20",
        "budget": 70,
        "remain_budget": 70,
        "sensing_time": 30,
        "sensing_rounds": 0,
        "interval": 0,
        "assigned_workers": []
    },
    {
        "id": 90,
        "task_type": "TypeD",
        "complexity": 2,
        "quality_threshold": 0.75,
        "location": [
            [
                116.41806,
                39.91809
            ],
            [
                116.42707,
                39.91809
            ],
            [
                116.41806,
                39.89784
            ],
            [
                116.42707,
                39.89785
            ]
        ],
        "num_area": 4,
        "start_time": "10:08:14",
        "end_time": "14:08:14",
        "budget": 240,
        "remain_budget": 240,
        "sensing_time": 20,
        "sensing_rounds": 0,
        "interval": 0,
        "assigned_workers": []
    },
    {
        "id": 91,
        "task_type": "TypeB",
        "complexity": 2,
        "quality_threshold": 0.7,
        "location": [
            116.32074,
            39.90448
        ],
        "num_area": 1,
        "start_time": "10:00:00",
        "end_time": "13:00:00",
        "budget": 90,
        "remain_budget": 90,
        "sensing_time": 10,
        "sensing_rounds": 3,
        "interval": 1.0,
        "assigned_workers": []
    },
    {
        "id": 92,
        "task_type": "TypeA",
        "complexity": 1,
        "quality_threshold": 0.6,
        "location": [
            116.45875,
            39.89689
        ],
        "num_area": 1,
        "start_time": "15:00:00",
        "end_time": "18:00:00",
        "budget": 100,
        "remain_budget": 100,
        "sensing_time": 5,
        "sensing_rounds": 4,
        "interval": 0.75,
        "assigned_workers": []
    },
    {
        "id": 93,
        "task_type": "TypeC",
        "complexity": 2,
        "quality_threshold": 0.75,
        "location": [
            [
                116.3547,
                39.945
            ],
            [
                116.36371,
                39.945
            ],
            [
                116.37272,
                39.945
            ]
        ],
        "num_area": 3,
        "start_time": "17:00:00",
        "end_time": "20:00:00",
        "budget": 180,
        "remain_budget": 180,
        "sensing_time": 20,
        "sensing_rounds": 0,
        "interval": 0,
        "assigned_workers": []
    },
    {
        "id": 94,
        "task_type": "TypeC",
        "complexity": 1,
        "quality_threshold": 0.65,
        "location": [
            [
                116.41731,
                39.91538
            ],
            [
                116.41731,
                39.89513
            ]
        ],
        "num_area": 2,
        "start_time": "09:00:00",
        "end_time": "15:00:00",
        "budget": 100,
        "remain_budget": 100,
        "sensing_time": 10,
        "sensing_rounds": 0,
        "interval": 0,
        "assigned_workers": []
    },
    {
        "id": 95,
        "task_type": "TypeC",
        "complexity": 3,
        "quality_threshold": 0.8500000000000001,
        "location": [
            [
                116.41177,
                39.91688
            ],
            [
                116.42078,
                39.91688
            ],
            [
                116.41177,
                39.89663
            ],
            [
                116.42078,
                39.89663
            ]
        ],
        "num_area": 4,
        "start_time": "11:00:00",
        "end_time": "15:00:00",
        "budget": 280,
        "remain_budget": 280,
        "sensing_time": 30,
        "sensing_rounds": 0,
        "interval": 0,
        "assigned_workers": []
    },
    {
        "id": 96,
        "task_type": "TypeD",
        "complexity": 1,
        "quality_threshold": 0.65,
        "location": [
            [
                116.35852,
                39.94463
            ],
            [
                116.36753,
                39.94463
            ]
        ],
        "num_area": 2,
        "start_time": "08:16:24",
        "end_time": "10:16:24",
        "budget": 100,
        "remain_budget": 100,
        "sensing_time": 10,
        "sensing_rounds": 0,
        "interval": 0,
        "assigned_workers": []
    },
    {
        "id": 97,
        "task_type": "TypeD",
        "complexity": 3,
        "quality_threshold": 0.8500000000000001,
        "location": [
            [
                116.47796,
                39.9148
            ],
            [
                116.48697,
                39.9148
            ]
        ],
        "num_area": 2,
        "start_time": "11:16:11",
        "end_time": "15:16:11",
        "budget": 140,
        "remain_budget": 140,
        "sensing_time": 30,
        "sensing_rounds": 0,
        "interval": 0,
        "assigned_workers": []
    },
    {
        "id": 98,
        "task_type": "TypeD",
        "complexity": 2,
        "quality_threshold": 0.75,
        "location": [
            [
                116.41305,
                39.90624
            ]
        ],
        "num_area": 1,
        "start_time": "17:33:03",
        "end_time": "20:00:00",
        "budget": 60,
        "remain_budget": 60,
        "sensing_time": 20,
        "sensing_rounds": 0,
        "interval": 0,
        "assigned_workers": []
    },
    {
        "id": 99,
        "task_type": "TypeB",
        "complexity": 1,
        "quality_threshold": 0.6,
        "location": [
            116.35723,
            39.91003
        ],
        "num_area": 1,
        "start_time": "16:00:00",
        "end_time": "18:00:00",
        "budget": 50,
        "remain_budget": 50,
        "sensing_time": 5,
        "sensing_rounds": 2,
        "interval": 1.0,
        "assigned_workers": []
    },
    {
        "id": 100,
        "task_type": "TypeD",
        "complexity": 3,
        "quality_threshold": 0.8500000000000001,
        "location": [
            [
                116.37579,
                39.91002
            ],
            [
                116.37579,
                39.88974
            ]
        ],
        "num_area": 2,
        "start_time": "09:20:33",
        "end_time": "13:20:33",
        "budget": 140,
        "remain_budget": 140,
        "sensing_time": 30,
        "sensing_rounds": 0,
        "interval": 0,
        "assigned_workers": []
    },
    {
        "id": 101,
        "task_type": "TypeD",
        "complexity": 3,
        "quality_threshold": 0.8500000000000001,
        "location": [
            [
                116.41701,
                39.91383
            ],
            [
                116.41701,
                39.89358
            ]
        ],
        "num_area": 2,
        "start_time": "11:14:37",
        "end_time": "14:14:37",
        "budget": 140,
        "remain_budget": 140,
        "sensing_time": 30,
        "sensing_rounds": 0,
        "interval": 0,
        "assigned_workers": []
    },
    {
        "id": 102,
        "task_type": "TypeB",
        "complexity": 1,
        "quality_threshold": 0.6,
        "location": [
            116.37809,
            39.91101
        ],
        "num_area": 1,
        "start_time": "13:00:00",
        "end_time": "13:45:00",
        "budget": 25,
        "remain_budget": 25,
        "sensing_time": 5,
        "sensing_rounds": 1,
        "interval": 0.75,
        "assigned_workers": []
    },
    {
        "id": 103,
        "task_type": "TypeB",
        "complexity": 2,
        "quality_threshold": 0.7,
        "location": [
            116.45237,
            39.89787
        ],
        "num_area": 1,
        "start_time": "14:00:00",
        "end_time": "16:00:00",
        "budget": 60,
        "remain_budget": 60,
        "sensing_time": 10,
        "sensing_rounds": 2,
        "interval": 1.0,
        "assigned_workers": []
    },
    {
        "id": 104,
        "task_type": "TypeD",
        "complexity": 2,
        "quality_threshold": 0.75,
        "location": [
            [
                116.47467,
                39.91692
            ],
            [
                116.48368,
                39.91692
            ],
            [
                116.47467,
                39.89671
            ],
            [
                116.48368,
                39.89672
            ]
        ],
        "num_area": 4,
        "start_time": "14:26:00",
        "end_time": "17:26:00",
        "budget": 240,
        "remain_budget": 240,
        "sensing_time": 20,
        "sensing_rounds": 0,
        "interval": 0,
        "assigned_workers": []
    },
    {
        "id": 105,
        "task_type": "TypeC",
        "complexity": 3,
        "quality_threshold": 0.8500000000000001,
        "location": [
            [
                116.37406,
                39.91396
            ],
            [
                116.38307,
                39.91396
            ],
            [
                116.37406,
                39.89368
            ],
            [
                116.38307,
                39.89369
            ],
            [
                116.37406,
                39.8734
            ],
            [
                116.38307,
                39.87341
            ]
        ],
        "num_area": 6,
        "start_time": "11:00:00",
        "end_time": "16:00:00",
        "budget": 420,
        "remain_budget": 420,
        "sensing_time": 30,
        "sensing_rounds": 0,
        "interval": 0,
        "assigned_workers": []
    },
    {
        "id": 106,
        "task_type": "TypeD",
        "complexity": 1,
        "quality_threshold": 0.65,
        "location": [
            [
                116.42497,
                39.90419
            ],
            [
                116.43398,
                39.90419
            ]
        ],
        "num_area": 2,
        "start_time": "15:13:57",
        "end_time": "18:13:57",
        "budget": 100,
        "remain_budget": 100,
        "sensing_time": 10,
        "sensing_rounds": 0,
        "interval": 0,
        "assigned_workers": []
    },
    {
        "id": 107,
        "task_type": "TypeB",
        "complexity": 2,
        "quality_threshold": 0.7,
        "location": [
            116.41121,
            39.91085
        ],
        "num_area": 1,
        "start_time": "18:00:00",
        "end_time": "18:45:00",
        "budget": 30,
        "remain_budget": 30,
        "sensing_time": 10,
        "sensing_rounds": 1,
        "interval": 0.75,
        "assigned_workers": []
    },
    {
        "id": 108,
        "task_type": "TypeB",
        "complexity": 1,
        "quality_threshold": 0.6,
        "location": [
            116.41831,
            39.90078
        ],
        "num_area": 1,
        "start_time": "12:00:00",
        "end_time": "14:00:00",
        "budget": 50,
        "remain_budget": 50,
        "sensing_time": 5,
        "sensing_rounds": 2,
        "interval": 1.0,
        "assigned_workers": []
    },
    {
        "id": 109,
        "task_type": "TypeA",
        "complexity": 2,
        "quality_threshold": 0.7,
        "location": [
            116.47209,
            39.91059
        ],
        "num_area": 1,
        "start_time": "11:00:00",
        "end_time": "14:45:00",
        "budget": 150,
        "remain_budget": 150,
        "sensing_time": 10,
        "sensing_rounds": 5,
        "interval": 0.75,
        "assigned_workers": []
    },
    {
        "id": 110,
        "task_type": "TypeC",
        "complexity": 1,
        "quality_threshold": 0.65,
        "location": [
            [
                116.35533,
                39.92042
            ],
            [
                116.36434,
                39.92042
            ],
            [
                116.37335,
                39.92042
            ],
            [
                116.35533,
                39.90013
            ],
            [
                116.36434,
                39.90013
            ],
            [
                116.37335,
                39.90014
            ]
        ],
        "num_area": 6,
        "start_time": "13:00:00",
        "end_time": "19:00:00",
        "budget": 300,
        "remain_budget": 300,
        "sensing_time": 10,
        "sensing_rounds": 0,
        "interval": 0,
        "assigned_workers": []
    },
    {
        "id": 111,
        "task_type": "TypeC",
        "complexity": 1,
        "quality_threshold": 0.65,
        "location": [
            [
                116.3279,
                39.90435
            ],
            [
                116.3279,
                39.88404
            ]
        ],
        "num_area": 2,
        "start_time": "08:00:00",
        "end_time": "13:00:00",
        "budget": 100,
        "remain_budget": 100,
        "sensing_time": 10,
        "sensing_rounds": 0,
        "interval": 0,
        "assigned_workers": []
    },
    {
        "id": 112,
        "task_type": "TypeD",
        "complexity": 3,
        "quality_threshold": 0.8500000000000001,
        "location": [
            [
                116.35227,
                39.92772
            ],
            [
                116.36128,
                39.92772
            ],
            [
                116.35227,
                39.90742
            ],
            [
                116.36128,
                39.90743
            ]
        ],
        "num_area": 4,
        "start_time": "12:13:15",
        "end_time": "14:13:15",
        "budget": 280,
        "remain_budget": 280,
        "sensing_time": 30,
        "sensing_rounds": 0,
        "interval": 0,
        "assigned_workers": []
    },
    {
        "id": 113,
        "task_type": "TypeD",
        "complexity": 2,
        "quality_threshold": 0.75,
        "location": [
            [
                116.41893,
                39.90892
            ],
            [
                116.41893,
                39.88867
            ]
        ],
        "num_area": 2,
        "start_time": "12:19:47",
        "end_time": "16:19:47",
        "budget": 120,
        "remain_budget": 120,
        "sensing_time": 20,
        "sensing_rounds": 0,
        "interval": 0,
        "assigned_workers": []
    },
    {
        "id": 114,
        "task_type": "TypeC",
        "complexity": 1,
        "quality_threshold": 0.65,
        "location": [
            [
                116.42433,
                39.90698
            ],
            [
                116.42433,
                39.88674
            ],
            [
                116.42433,
                39.86649
            ]
        ],
        "num_area": 3,
        "start_time": "17:00:00",
        "end_time": "20:00:00",
        "budget": 150,
        "remain_budget": 150,
        "sensing_time": 10,
        "sensing_rounds": 0,
        "interval": 0,
        "assigned_workers": []
    },
    {
        "id": 115,
        "task_type": "TypeD",
        "complexity": 3,
        "quality_threshold": 0.8500000000000001,
        "location": [
            [
                116.41645,
                39.90338
            ],
            [
                116.42546,
                39.90338
            ],
            [
                116.41645,
                39.88313
            ],
            [
                116.42546,
                39.88314
            ]
        ],
        "num_area": 4,
        "start_time": "13:09:16",
        "end_time": "17:09:16",
        "budget": 280,
        "remain_budget": 280,
        "sensing_time": 30,
        "sensing_rounds": 0,
        "interval": 0,
        "assigned_workers": []
    },
    {
        "id": 116,
        "task_type": "TypeA",
        "complexity": 1,
        "quality_threshold": 0.6,
        "location": [
            116.35035,
            39.94888
        ],
        "num_area": 1,
        "start_time": "09:00:00",
        "end_time": "14:00:00",
        "budget": 125,
        "remain_budget": 125,
        "sensing_time": 5,
        "sensing_rounds": 5,
        "interval": 1.0,
        "assigned_workers": []
    },
    {
        "id": 117,
        "task_type": "TypeD",
        "complexity": 3,
        "quality_threshold": 0.8500000000000001,
        "location": [
            [
                116.35189,
                39.92215
            ]
        ],
        "num_area": 1,
        "start_time": "11:23:12",
        "end_time": "13:23:12",
        "budget": 70,
        "remain_budget": 70,
        "sensing_time": 30,
        "sensing_rounds": 0,
        "interval": 0,
        "assigned_workers": []
    },
    {
        "id": 118,
        "task_type": "TypeB",
        "complexity": 1,
        "quality_threshold": 0.6,
        "location": [
            116.42492,
            39.90425
        ],
        "num_area": 1,
        "start_time": "10:00:00",
        "end_time": "11:00:00",
        "budget": 25,
        "remain_budget": 25,
        "sensing_time": 5,
        "sensing_rounds": 1,
        "interval": 1.0,
        "assigned_workers": []
    },
    {
        "id": 119,
        "task_type": "TypeA",
        "complexity": 2,
        "quality_threshold": 0.7,
        "location": [
            116.35913,
            39.91549
        ],
        "num_area": 1,
        "start_time": "13:00:00",
        "end_time": "17:30:00",
        "budget": 180,
        "remain_budget": 180,
        "sensing_time": 10,
        "sensing_rounds": 6,
        "interval": 0.75,
        "assigned_workers": []
    },
    {
        "id": 120,
        "task_type": "TypeA",
        "complexity": 2,
        "quality_threshold": 0.7,
        "location": [
            116.42311,
            39.9073
        ],
        "num_area": 1,
        "start_time": "08:00:00",
        "end_time": "14:00:00",
        "budget": 180,
        "remain_budget": 180,
        "sensing_time": 10,
        "sensing_rounds": 6,
        "interval": 1.0,
        "assigned_workers": []
    }
]