[
    {
        "id": 1,
        "task_type": "TypeB",
        "complexity": 1,
        "quality_threshold": 0.6,
        "location": [
            116.35345,
            39.91785
        ],
        "num_area": 1,
        "start_time": "11:00:00",
        "end_time": "13:00:00",
        "budget": 50,
        "remain_budget": 50,
        "sensing_time": 5,
        "sensing_rounds": 2,
        "interval": 1.0,
        "assigned_workers": []
    },
    {
        "id": 2,
        "task_type": "TypeD",
        "complexity": 3,
        "quality_threshold": 0.8500000000000001,
        "location": [
            [
                116.45441,
                39.89677
            ]
        ],
        "num_area": 1,
        "start_time": "13:34:38",
        "end_time": "15:34:38",
        "budget": 70,
        "remain_budget": 70,
        "sensing_time": 30,
        "sensing_rounds": 0,
        "interval": 0,
        "assigned_workers": []
    },
    {
        "id": 3,
        "task_type": "TypeB",
        "complexity": 1,
        "quality_threshold": 0.6,
        "location": [
            116.41189,
            39.91567
        ],
        "num_area": 1,
        "start_time": "12:00:00",
        "end_time": "16:00:00",
        "budget": 100,
        "remain_budget": 100,
        "sensing_time": 5,
        "sensing_rounds": 4,
        "interval": 1.0,
        "assigned_workers": []
    },
    {
        "id": 4,
        "task_type": "TypeA",
        "complexity": 1,
        "quality_threshold": 0.6,
        "location": [
            116.58533,
            40.06732
        ],
        "num_area": 1,
        "start_time": "11:00:00",
        "end_time": "15:30:00",
        "budget": 150,
        "remain_budget": 150,
        "sensing_time": 5,
        "sensing_rounds": 6,
        "interval": 0.75,
        "assigned_workers": []
    },
    {
        "id": 5,
        "task_type": "TypeA",
        "complexity": 2,
        "quality_threshold": 0.7,
        "location": [
            116.35227,
            39.91364
        ],
        "num_area": 1,
        "start_time": "15:00:00",
        "end_time": "18:45:00",
        "budget": 150,
        "remain_budget": 150,
        "sensing_time": 10,
        "sensing_rounds": 5,
        "interval": 0.75,
        "assigned_workers": []
    },
    {
        "id": 6,
        "task_type": "TypeA",
        "complexity": 1,
        "quality_threshold": 0.6,
        "location": [
            116.4502,
            39.89763
        ],
        "num_area": 1,
        "start_time": "12:00:00",
        "end_time": "16:00:00",
        "budget": 100,
        "remain_budget": 100,
        "sensing_time": 5,
        "sensing_rounds": 4,
        "interval": 1.0,
        "assigned_workers": []
    },
    {
        "id": 7,
        "task_type": "TypeD",
        "complexity": 2,
        "quality_threshold": 0.75,
        "location": [
            [
                116.45886,
                39.89554
            ]
        ],
        "num_area": 1,
        "start_time": "12:20:31",
        "end_time": "15:20:31",
        "budget": 60,
        "remain_budget": 60,
        "sensing_time": 20,
        "sensing_rounds": 0,
        "interval": 0,
        "assigned_workers": []
    },
    {
        "id": 8,
        "task_type": "TypeB",
        "complexity": 3,
        "quality_threshold": 0.8,
        "location": [
            116.45866,
            39.89043
        ],
        "num_area": 1,
        "start_time": "11:00:00",
        "end_time": "14:00:00",
        "budget": 105,
        "remain_budget": 105,
        "sensing_time": 15,
        "sensing_rounds": 3,
        "interval": 1.0,
        "assigned_workers": []
    },
    {
        "id": 9,
        "task_type": "TypeB",
        "complexity": 3,
        "quality_threshold": 0.8,
        "location": [
            116.34075,
            40.05765
        ],
        "num_area": 1,
        "start_time": "14:00:00",
        "end_time": "16:00:00",
        "budget": 70,
        "remain_budget": 70,
        "sensing_time": 15,
        "sensing_rounds": 2,
        "interval": 1.0,
        "assigned_workers": []
    },
    {
        "id": 10,
        "task_type": "TypeC",
        "complexity": 3,
        "quality_threshold": 0.8500000000000001,
        "location": [
            [
                116.3586,
                39.94654
            ],
            [
                116.36761,
                39.94654
            ],
            [
                116.37662,
                39.94654
            ],
            [
                116.3586,
                39.92625
            ],
            [
                116.36761,
                39.92626
            ],
            [
                116.37662,
                39.92626
            ],
            [
                116.3586,
                39.90596
            ],
            [
                116.36761,
                39.90597
            ],
            [
                116.37662,
                39.90598
            ]
        ],
        "num_area": 9,
        "start_time": "16:00:00",
        "end_time": "20:00:00",
        "budget": 630,
        "remain_budget": 630,
        "sensing_time": 30,
        "sensing_rounds": 0,
        "interval": 0,
        "assigned_workers": []
    },
    {
        "id": 11,
        "task_type": "TypeC",
        "complexity": 2,
        "quality_threshold": 0.75,
        "location": [
            [
                116.36728,
                39.95526
            ],
            [
                116.37629,
                39.95526
            ],
            [
                116.36728,
                39.93498
            ],
            [
                116.37629,
                39.93498
            ]
        ],
        "num_area": 4,
        "start_time": "12:00:00",
        "end_time": "18:00:00",
        "budget": 360,
        "remain_budget": 360,
        "sensing_time": 20,
        "sensing_rounds": 0,
        "interval": 0,
        "assigned_workers": []
    },
    {
        "id": 12,
        "task_type": "TypeD",
        "complexity": 2,
        "quality_threshold": 0.75,
        "location": [
            [
                116.37315,
                39.91996
            ],
            [
                116.38216,
                39.91996
            ]
        ],
        "num_area": 2,
        "start_time": "17:47:50",
        "end_time": "19:47:50",
        "budget": 120,
        "remain_budget": 120,
        "sensing_time": 20,
        "sensing_rounds": 0,
        "interval": 0,
        "assigned_workers": []
    },
    {
        "id": 13,
        "task_type": "TypeB",
        "complexity": 1,
        "quality_threshold": 0.6,
        "location": [
            116.41002,
            39.91268
        ],
        "num_area": 1,
        "start_time": "10:00:00",
        "end_time": "11:00:00",
        "budget": 25,
        "remain_budget": 25,
        "sensing_time": 5,
        "sensing_rounds": 1,
        "interval": 1.0,
        "assigned_workers": []
    },
    {
        "id": 14,
        "task_type": "TypeB",
        "complexity": 1,
        "quality_threshold": 0.6,
        "location": [
            116.42292,
            39.90254
        ],
        "num_area": 1,
        "start_time": "12:00:00",
        "end_time": "13:00:00",
        "budget": 25,
        "remain_budget": 25,
        "sensing_time": 5,
        "sensing_rounds": 1,
        "interval": 1.0,
        "assigned_workers": []
    },
    {
        "id": 15,
        "task_type": "TypeB",
        "complexity": 3,
        "quality_threshold": 0.8,
        "location": [
            116.45742,
            39.89888
        ],
        "num_area": 1,
        "start_time": "15:00:00",
        "end_time": "17:15:00",
        "budget": 105,
        "remain_budget": 105,
        "sensing_time": 15,
        "sensing_rounds": 3,
        "interval": 0.75,
        "assigned_workers": []
    },
    {
        "id": 16,
        "task_type": "TypeD",
        "complexity": 2,
        "quality_threshold": 0.75,
        "location": [
            [
                116.49506,
                39.14432
            ],
            [
                116.50407,
                39.14432
            ]
        ],
        "num_area": 2,
        "start_time": "16:09:24",
        "end_time": "20:00:00",
        "budget": 120,
        "remain_budget": 120,
        "sensing_time": 20,
        "sensing_rounds": 0,
        "interval": 0,
        "assigned_workers": []
    },
    {
        "id": 17,
        "task_type": "TypeA",
        "complexity": 1,
        "quality_threshold": 0.6,
        "location": [
            116.45143,
            39.89867
        ],
        "num_area": 1,
        "start_time": "13:00:00",
        "end_time": "17:30:00",
        "budget": 150,
        "remain_budget": 150,
        "sensing_time": 5,
        "sensing_rounds": 6,
        "interval": 0.75,
        "assigned_workers": []
    },
    {
        "id": 18,
        "task_type": "TypeD",
        "complexity": 3,
        "quality_threshold": 0.8500000000000001,
        "location": [
            [
                116.71232,
                40.13551
            ]
        ],
        "num_area": 1,
        "start_time": "11:34:30",
        "end_time": "15:34:30",
        "budget": 70,
        "remain_budget": 70,
        "sensing_time": 30,
        "sensing_rounds": 0,
        "interval": 0,
        "assigned_workers": []
    },
    {
        "id": 19,
        "task_type": "TypeD",
        "complexity": 3,
        "quality_threshold": 0.8500000000000001,
        "location": [
            [
                116.35056,
                39.91065
            ],
            [
                116.35957,
                39.91065
            ],
            [
                116.35056,
                39.89035
            ],
            [
                116.35957,
                39.89036
            ]
        ],
        "num_area": 4,
        "start_time": "18:28:50",
        "end_time": "20:00:00",
        "budget": 280,
        "remain_budget": 280,
        "sensing_time": 30,
        "sensing_rounds": 0,
        "interval": 0,
        "assigned_workers": []
    },
    {
        "id": 20,
        "task_type": "TypeA",
        "complexity": 1,
        "quality_threshold": 0.6,
        "location": [
            116.41601,
            39.91133
        ],
        "num_area": 1,
        "start_time": "11:00:00",
        "end_time": "17:00:00",
        "budget": 150,
        "remain_budget": 150,
        "sensing_time": 5,
        "sensing_rounds": 6,
        "interval": 1.0,
        "assigned_workers": []
    },
    {
        "id": 21,
        "task_type": "TypeB",
        "complexity": 3,
        "quality_threshold": 0.8,
        "location": [
            116.41388,
            39.90851
        ],
        "num_area": 1,
        "start_time": "11:00:00",
        "end_time": "12:00:00",
        "budget": 35,
        "remain_budget": 35,
        "sensing_time": 15,
        "sensing_rounds": 1,
        "interval": 1.0,
        "assigned_workers": []
    },
    {
        "id": 22,
        "task_type": "TypeD",
        "complexity": 2,
        "quality_threshold": 0.75,
        "location": [
            [
                116.62828,
                40.06098
            ],
            [
                116.62828,
                40.04088
            ]
        ],
        "num_area": 2,
        "start_time": "12:59:01",
        "end_time": "15:59:01",
        "budget": 120,
        "remain_budget": 120,
        "sensing_time": 20,
        "sensing_rounds": 0,
        "interval": 0,
        "assigned_workers": []
    },
    {
        "id": 23,
        "task_type": "TypeD",
        "complexity": 2,
        "quality_threshold": 0.75,
        "location": [
            [
                116.42372,
                39.90338
            ]
        ],
        "num_area": 1,
        "start_time": "08:54:45",
        "end_time": "10:54:45",
        "budget": 60,
        "remain_budget": 60,
        "sensing_time": 20,
        "sensing_rounds": 0,
        "interval": 0,
        "assigned_workers": []
    },
    {
        "id": 24,
        "task_type": "TypeC",
        "complexity": 2,
        "quality_threshold": 0.75,
        "location": [
            [
                117.0236,
                40.15181
            ],
            [
                117.03261,
                40.15181
            ],
            [
                117.0236,
                40.13198
            ],
            [
                117.03261,
                40.13199
            ],
            [
                117.0236,
                40.11215
            ],
            [
                117.03261,
                40.11217
            ]
        ],
        "num_area": 6,
        "start_time": "14:00:00",
        "end_time": "19:00:00",
        "budget": 360,
        "remain_budget": 360,
        "sensing_time": 20,
        "sensing_rounds": 0,
        "interval": 0,
        "assigned_workers": []
    },
    {
        "id": 25,
        "task_type": "TypeD",
        "complexity": 3,
        "quality_threshold": 0.8500000000000001,
        "location": [
            [
                116.45898,
                39.89693
            ],
            [
                116.45898,
                39.87671
            ]
        ],
        "num_area": 2,
        "start_time": "11:25:15",
        "end_time": "15:25:15",
        "budget": 140,
        "remain_budget": 140,
        "sensing_time": 30,
        "sensing_rounds": 0,
        "interval": 0,
        "assigned_workers": []
    },
    {
        "id": 26,
        "task_type": "TypeB",
        "complexity": 3,
        "quality_threshold": 0.8,
        "location": [
            116.35579,
            39.92626
        ],
        "num_area": 1,
        "start_time": "12:00:00",
        "end_time": "14:15:00",
        "budget": 105,
        "remain_budget": 105,
        "sensing_time": 15,
        "sensing_rounds": 3,
        "interval": 0.75,
        "assigned_workers": []
    },
    {
        "id": 27,
        "task_type": "TypeB",
        "complexity": 2,
        "quality_threshold": 0.7,
        "location": [
            116.35276,
            39.91888
        ],
        "num_area": 1,
        "start_time": "15:00:00",
        "end_time": "16:30:00",
        "budget": 60,
        "remain_budget": 60,
        "sensing_time": 10,
        "sensing_rounds": 2,
        "interval": 0.75,
        "assigned_workers": []
    },
    {
        "id": 28,
        "task_type": "TypeA",
        "complexity": 2,
        "quality_threshold": 0.7,
        "location": [
            116.45195,
            39.89747
        ],
        "num_area": 1,
        "start_time": "08:00:00",
        "end_time": "14:00:00",
        "budget": 180,
        "remain_budget": 180,
        "sensing_time": 10,
        "sensing_rounds": 6,
        "interval": 1.0,
        "assigned_workers": []
    },
    {
        "id": 29,
        "task_type": "TypeC",
        "complexity": 1,
        "quality_threshold": 0.65,
        "location": [
            [
                116.35379,
                39.92319
            ],
            [
                116.3628,
                39.92319
            ],
            [
                116.37181,
                39.92319
            ],
            [
                116.35379,
                39.9029
            ],
            [
                116.3628,
                39.9029
            ],
            [
                116.37181,
                39.90291
            ]
        ],
        "num_area": 6,
        "start_time": "11:00:00",
        "end_time": "17:00:00",
        "budget": 450,
        "remain_budget": 450,
        "sensing_time": 10,
        "sensing_rounds": 0,
        "interval": 0,
        "assigned_workers": []
    },
    {
        "id": 30,
        "task_type": "TypeB",
        "complexity": 2,
        "quality_threshold": 0.7,
        "location": [
            116.48163,
            39.94741
        ],
        "num_area": 1,
        "start_time": "17:00:00",
        "end_time": "18:00:00",
        "budget": 30,
        "remain_budget": 30,
        "sensing_time": 10,
        "sensing_rounds": 1,
        "interval": 1.0,
        "assigned_workers": []
    },
    {
        "id": 31,
        "task_type": "TypeD",
        "complexity": 1,
        "quality_threshold": 0.65,
        "location": [
            [
                116.35217,
                39.9163
            ]
        ],
        "num_area": 1,
        "start_time": "13:55:23",
        "end_time": "15:55:23",
        "budget": 50,
        "remain_budget": 50,
        "sensing_time": 10,
        "sensing_rounds": 0,
        "interval": 0,
        "assigned_workers": []
    },
    {
        "id": 32,
        "task_type": "TypeB",
        "complexity": 1,
        "quality_threshold": 0.6,
        "location": [
            116.42074,
            39.90294
        ],
        "num_area": 1,
        "start_time": "08:00:00",
        "end_time": "09:30:00",
        "budget": 50,
        "remain_budget": 50,
        "sensing_time": 5,
        "sensing_rounds": 2,
        "interval": 0.75,
        "assigned_workers": []
    },
    {
        "id": 33,
        "task_type": "TypeC",
        "complexity": 1,
        "quality_threshold": 0.65,
        "location": [
            [
                116.41326,
                39.90598
            ],
            [
                116.42227,
                39.90598
            ]
        ],
        "num_area": 2,
        "start_time": "15:00:00",
        "end_time": "20:00:00",
        "budget": 100,
        "remain_budget": 100,
        "sensing_time": 10,
        "sensing_rounds": 0,
        "interval": 0,
        "assigned_workers": []
    },
    {
        "id": 34,
        "task_type": "TypeB",
        "complexity": 3,
        "quality_threshold": 0.8,
        "location": [
            116.45372,
            39.89797
        ],
        "num_area": 1,
        "start_time": "15:00:00",
        "end_time": "15:45:00",
        "budget": 35,
        "remain_budget": 35,
        "sensing_time": 15,
        "sensing_rounds": 1,
        "interval": 0.75,
        "assigned_workers": []
    },
    {
        "id": 35,
        "task_type": "TypeB",
        "complexity": 1,
        "quality_threshold": 0.6,
        "location": [
            116.35199,
            39.9298
        ],
        "num_area": 1,
        "start_time": "10:00:00",
        "end_time": "11:00:00",
        "budget": 25,
        "remain_budget": 25,
        "sensing_time": 5,
        "sensing_rounds": 1,
        "interval": 1.0,
        "assigned_workers": []
    },
    {
        "id": 36,
        "task_type": "TypeB",
        "complexity": 2,
        "quality_threshold": 0.7,
        "location": [
            116.28852,
            39.7859
        ],
        "num_area": 1,
        "start_time": "10:00:00",
        "end_time": "13:00:00",
        "budget": 120,
        "remain_budget": 120,
        "sensing_time": 10,
        "sensing_rounds": 4,
        "interval": 0.75,
        "assigned_workers": []
    },
    {
        "id": 37,
        "task_type": "TypeD",
        "complexity": 3,
        "quality_threshold": 0.8500000000000001,
        "location": [
            [
                116.43304,
                39.37392
            ]
        ],
        "num_area": 1,
        "start_time": "11:09:25",
        "end_time": "15:09:25",
        "budget": 70,
        "remain_budget": 70,
        "sensing_time": 30,
        "sensing_rounds": 0,
        "interval": 0,
        "assigned_workers": []
    },
    {
        "id": 38,
        "task_type": "TypeA",
        "complexity": 2,
        "quality_threshold": 0.7,
        "location": [
            116.47004,
            39.91107
        ],
        "num_area": 1,
        "start_time": "13:00:00",
        "end_time": "17:00:00",
        "budget": 120,
        "remain_budget": 120,
        "sensing_time": 10,
        "sensing_rounds": 4,
        "interval": 1.0,
        "assigned_workers": []
    },
    {
        "id": 39,
        "task_type": "TypeB",
        "complexity": 1,
        "quality_threshold": 0.6,
        "location": [
            116.35386,
            39.91368
        ],
        "num_area": 1,
        "start_time": "14:00:00",
        "end_time": "14:45:00",
        "budget": 25,
        "remain_budget": 25,
        "sensing_time": 5,
        "sensing_rounds": 1,
        "interval": 0.75,
        "assigned_workers": []
    },
    {
        "id": 40,
        "task_type": "TypeA",
        "complexity": 1,
        "quality_threshold": 0.6,
        "location": [
            116.4104,
            39.82689
        ],
        "num_area": 1,
        "start_time": "10:00:00",
        "end_time": "16:00:00",
        "budget": 150,
        "remain_budget": 150,
        "sensing_time": 5,
        "sensing_rounds": 6,
        "interval": 1.0,
        "assigned_workers": []
    },
    {
        "id": 41,
        "task_type": "TypeB",
        "complexity": 3,
        "quality_threshold": 0.8,
        "location": [
            116.41971,
            39.91383
        ],
        "num_area": 1,
        "start_time": "10:00:00",
        "end_time": "13:00:00",
        "budget": 140,
        "remain_budget": 140,
        "sensing_time": 15,
        "sensing_rounds": 4,
        "interval": 0.75,
        "assigned_workers": []
    },
    {
        "id": 42,
        "task_type": "TypeD",
        "complexity": 1,
        "quality_threshold": 0.65,
        "location": [
            [
                116.37676,
                39.91625
            ],
            [
                116.37676,
                39.89597
            ]
        ],
        "num_area": 2,
        "start_time": "17:38:36",
        "end_time": "20:00:00",
        "budget": 100,
        "remain_budget": 100,
        "sensing_time": 10,
        "sensing_rounds": 0,
        "interval": 0,
        "assigned_workers": []
    },
    {
        "id": 43,
        "task_type": "TypeD",
        "complexity": 1,
        "quality_threshold": 0.65,
        "location": [
            [
                116.4265,
                39.90751
            ]
        ],
        "num_area": 1,
        "start_time": "16:39:27",
        "end_time": "19:39:27",
        "budget": 50,
        "remain_budget": 50,
        "sensing_time": 10,
        "sensing_rounds": 0,
        "interval": 0,
        "assigned_workers": []
    },
    {
        "id": 44,
        "task_type": "TypeA",
        "complexity": 1,
        "quality_threshold": 0.6,
        "location": [
            116.41408,
            39.90249
        ],
        "num_area": 1,
        "start_time": "11:00:00",
        "end_time": "17:00:00",
        "budget": 150,
        "remain_budget": 150,
        "sensing_time": 5,
        "sensing_rounds": 6,
        "interval": 1.0,
        "assigned_workers": []
    },
    {
        "id": 45,
        "task_type": "TypeB",
        "complexity": 1,
        "quality_threshold": 0.6,
        "location": [
            116.42406,
            39.90574
        ],
        "num_area": 1,
        "start_time": "09:00:00",
        "end_time": "09:45:00",
        "budget": 25,
        "remain_budget": 25,
        "sensing_time": 5,
        "sensing_rounds": 1,
        "interval": 0.75,
        "assigned_workers": []
    },
    {
        "id": 46,
        "task_type": "TypeC",
        "complexity": 2,
        "quality_threshold": 0.75,
        "location": [
            [
                116.4517,
                40.07969
            ],
            [
                116.4517,
                40.05947
            ],
            [
                116.4517,
                40.03924
            ]
        ],
        "num_area": 3,
        "start_time": "10:00:00",
        "end_time": "14:00:00",
        "budget": 180,
        "remain_budget": 180,
        "sensing_time": 20,
        "sensing_rounds": 0,
        "interval": 0,
        "assigned_workers": []
    },
    {
        "id": 47,
        "task_type": "TypeC",
        "complexity": 3,
        "quality_threshold": 0.8500000000000001,
        "location": [
            [
                116.76569,
                39.75727
            ],
            [
                116.7747,
                39.75727
            ],
            [
                116.76569,
                39.73728
            ],
            [
                116.7747,
                39.73729
            ],
            [
                116.76569,
                39.71729
            ],
            [
                116.7747,
                39.7173
            ]
        ],
        "num_area": 6,
        "start_time": "12:00:00",
        "end_time": "18:00:00",
        "budget": 630,
        "remain_budget": 630,
        "sensing_time": 30,
        "sensing_rounds": 0,
        "interval": 0,
        "assigned_workers": []
    },
    {
        "id": 48,
        "task_type": "TypeC",
        "complexity": 1,
        "quality_threshold": 0.65,
        "location": [
            [
                116.35238,
                39.91745
            ],
            [
                116.35238,
                39.89715
            ]
        ],
        "num_area": 2,
        "start_time": "17:00:00",
        "end_time": "20:00:00",
        "budget": 100,
        "remain_budget": 100,
        "sensing_time": 10,
        "sensing_rounds": 0,
        "interval": 0,
        "assigned_workers": []
    },
    {
        "id": 49,
        "task_type": "TypeA",
        "complexity": 1,
        "quality_threshold": 0.6,
        "location": [
            116.25317,
            40.18355
        ],
        "num_area": 1,
        "start_time": "15:00:00",
        "end_time": "18:00:00",
        "budget": 125,
        "remain_budget": 125,
        "sensing_time": 5,
        "sensing_rounds": 4,
        "interval": 0.75,
        "assigned_workers": []
    },
    {
        "id": 50,
        "task_type": "TypeB",
        "complexity": 1,
        "quality_threshold": 0.6,
        "location": [
            116.35936,
            39.91436
        ],
        "num_area": 1,
        "start_time": "14:00:00",
        "end_time": "17:00:00",
        "budget": 100,
        "remain_budget": 100,
        "sensing_time": 5,
        "sensing_rounds": 4,
        "interval": 0.75,
        "assigned_workers": []
    },
    {
        "id": 51,
        "task_type": "TypeD",
        "complexity": 3,
        "quality_threshold": 0.8500000000000001,
        "location": [
            [
                116.45764,
                39.89951
            ],
            [
                116.46665,
                39.89951
            ],
            [
                116.45764,
                39.87929
            ],
            [
                116.46665,
                39.8793
            ]
        ],
        "num_area": 4,
        "start_time": "09:21:11",
        "end_time": "13:21:11",
        "budget": 280,
        "remain_budget": 280,
        "sensing_time": 30,
        "sensing_rounds": 0,
        "interval": 0,
        "assigned_workers": []
    },
    {
        "id": 52,
        "task_type": "TypeB",
        "complexity": 3,
        "quality_threshold": 0.8,
        "location": [
            116.30971,
            39.71916
        ],
        "num_area": 1,
        "start_time": "10:00:00",
        "end_time": "13:00:00",
        "budget": 105,
        "remain_budget": 105,
        "sensing_time": 15,
        "sensing_rounds": 3,
        "interval": 1.0,
        "assigned_workers": []
    },
    {
        "id": 53,
        "task_type": "TypeC",
        "complexity": 1,
        "quality_threshold": 0.65,
        "location": [
            [
                117.11066,
                40.13935
            ],
            [
                117.11066,
                40.11971
            ],
            [
                117.11066,
                40.10008
            ]
        ],
        "num_area": 3,
        "start_time": "08:00:00",
        "end_time": "12:00:00",
        "budget": 150,
        "remain_budget": 150,
        "sensing_time": 10,
        "sensing_rounds": 0,
        "interval": 0,
        "assigned_workers": []
    },
    {
        "id": 54,
        "task_type": "TypeB",
        "complexity": 2,
        "quality_threshold": 0.7,
        "location": [
            116.3786,
            39.91159
        ],
        "num_area": 1,
        "start_time": "09:00:00",
        "end_time": "11:15:00",
        "budget": 90,
        "remain_budget": 90,
        "sensing_time": 10,
        "sensing_rounds": 3,
        "interval": 0.75,
        "assigned_workers": []
    },
    {
        "id": 55,
        "task_type": "TypeD",
        "complexity": 2,
        "quality_threshold": 0.75,
        "location": [
            [
                116.42812,
                40.07701
            ],
            [
                116.43713,
                40.07701
            ],
            [
                116.42812,
                40.05712
            ],
            [
                116.43713,
                40.05713
            ]
        ],
        "num_area": 4,
        "start_time": "11:32:38",
        "end_time": "14:32:38",
        "budget": 280,
        "remain_budget": 280,
        "sensing_time": 30,
        "sensing_rounds": 0,
        "interval": 0,
        "assigned_workers": []
    },
    {
        "id": 56,
        "task_type": "TypeD",
        "complexity": 3,
        "quality_threshold": 0.8500000000000001,
        "location": [
            [
                116.33409,
                39.23668
            ],
            [
                116.33409,
                39.21637
            ]
        ],
        "num_area": 2,
        "start_time": "13:03:18",
        "end_time": "16:03:18",
        "budget": 140,
        "remain_budget": 140,
        "sensing_time": 30,
        "sensing_rounds": 0,
        "interval": 0,
        "assigned_workers": []
    },
    {
        "id": 57,
        "task_type": "TypeA",
        "complexity": 2,
        "quality_threshold": 0.7,
        "location": [
            116.94836,
            40.62914
        ],
        "num_area": 1,
        "start_time": "09:00:00",
        "end_time": "14:00:00",
        "budget": 150,
        "remain_budget": 150,
        "sensing_time": 10,
        "sensing_rounds": 5,
        "interval": 1.0,
        "assigned_workers": []
    },
    {
        "id": 58,
        "task_type": "TypeB",
        "complexity": 2,
        "quality_threshold": 0.7,
        "location": [
            116.32965,
            39.9069
        ],
        "num_area": 1,
        "start_time": "16:00:00",
        "end_time": "18:00:00",
        "budget": 60,
        "remain_budget": 60,
        "sensing_time": 10,
        "sensing_rounds": 2,
        "interval": 1.0,
        "assigned_workers": []
    },
    {
        "id": 59,
        "task_type": "TypeB",
        "complexity": 3,
        "quality_threshold": 0.8,
        "location": [
            116.43655,
            40.26394
        ],
        "num_area": 1,
        "start_time": "10:00:00",
        "end_time": "10:45:00",
        "budget": 35,
        "remain_budget": 35,
        "sensing_time": 15,
        "sensing_rounds": 1,
        "interval": 0.75,
        "assigned_workers": []
    },
    {
        "id": 60,
        "task_type": "TypeC",
        "complexity": 2,
        "quality_threshold": 0.75,
        "location": [
            [
                116.35525,
                39.91627
            ],
            [
                116.36426,
                39.91627
            ],
            [
                116.37327,
                39.91627
            ]
        ],
        "num_area": 3,
        "start_time": "17:00:00",
        "end_time": "20:00:00",
        "budget": 180,
        "remain_budget": 180,
        "sensing_time": 20,
        "sensing_rounds": 0,
        "interval": 0,
        "assigned_workers": []
    },
    {
        "id": 61,
        "task_type": "TypeB",
        "complexity": 3,
        "quality_threshold": 0.8,
        "location": [
            116.56891,
            39.75719
        ],
        "num_area": 1,
        "start_time": "10:00:00",
        "end_time": "12:00:00",
        "budget": 70,
        "remain_budget": 70,
        "sensing_time": 15,
        "sensing_rounds": 2,
        "interval": 1.0,
        "assigned_workers": []
    },
    {
        "id": 62,
        "task_type": "TypeB",
        "complexity": 2,
        "quality_threshold": 0.7,
        "location": [
            116.3567,
            39.9238
        ],
        "num_area": 1,
        "start_time": "10:00:00",
        "end_time": "11:30:00",
        "budget": 60,
        "remain_budget": 60,
        "sensing_time": 10,
        "sensing_rounds": 2,
        "interval": 0.75,
        "assigned_workers": []
    },
    {
        "id": 63,
        "task_type": "TypeA",
        "complexity": 1,
        "quality_threshold": 0.6,
        "location": [
            116.41683,
            39.90148
        ],
        "num_area": 1,
        "start_time": "13:00:00",
        "end_time": "19:00:00",
        "budget": 150,
        "remain_budget": 150,
        "sensing_time": 5,
        "sensing_rounds": 6,
        "interval": 1.0,
        "assigned_workers": []
    },
    {
        "id": 64,
        "task_type": "TypeB",
        "complexity": 2,
        "quality_threshold": 0.7,
        "location": [
            116.35026,
            39.91016
        ],
        "num_area": 1,
        "start_time": "13:00:00",
        "end_time": "16:00:00",
        "budget": 90,
        "remain_budget": 90,
        "sensing_time": 10,
        "sensing_rounds": 3,
        "interval": 1.0,
        "assigned_workers": []
    },
    {
        "id": 65,
        "task_type": "TypeD",
        "complexity": 3,
        "quality_threshold": 0.8500000000000001,
        "location": [
            [
                116.35087,
                39.92758
            ],
            [
                116.35087,
                39.90728
            ]
        ],
        "num_area": 2,
        "start_time": "17:21:44",
        "end_time": "20:00:00",
        "budget": 140,
        "remain_budget": 140,
        "sensing_time": 30,
        "sensing_rounds": 0,
        "interval": 0,
        "assigned_workers": []
    },
    {
        "id": 66,
        "task_type": "TypeB",
        "complexity": 3,
        "quality_threshold": 0.8,
        "location": [
            116.35924,
            39.9133
        ],
        "num_area": 1,
        "start_time": "09:00:00",
        "end_time": "12:00:00",
        "budget": 140,
        "remain_budget": 140,
        "sensing_time": 15,
        "sensing_rounds": 4,
        "interval": 0.75,
        "assigned_workers": []
    },
    {
        "id": 67,
        "task_type": "TypeD",
        "complexity": 1,
        "quality_threshold": 0.65,
        "location": [
            [
                116.58436,
                39.13361
            ],
            [
                116.59337,
                39.13361
            ]
        ],
        "num_area": 2,
        "start_time": "16:33:55",
        "end_time": "20:00:00",
        "budget": 100,
        "remain_budget": 100,
        "sensing_time": 10,
        "sensing_rounds": 0,
        "interval": 0,
        "assigned_workers": []
    },
    {
        "id": 68,
        "task_type": "TypeA",
        "complexity": 2,
        "quality_threshold": 0.7,
        "location": [
            116.35377,
            39.9165
        ],
        "num_area": 1,
        "start_time": "11:00:00",
        "end_time": "14:00:00",
        "budget": 120,
        "remain_budget": 120,
        "sensing_time": 10,
        "sensing_rounds": 4,
        "interval": 0.75,
        "assigned_workers": []
    },
    {
        "id": 69,
        "task_type": "TypeB",
        "complexity": 2,
        "quality_threshold": 0.7,
        "location": [
            116.33311,
            39.85784
        ],
        "num_area": 1,
        "start_time": "13:00:00",
        "end_time": "14:30:00",
        "budget": 70,
        "remain_budget": 70,
        "sensing_time": 15,
        "sensing_rounds": 2,
        "interval": 0.75,
        "assigned_workers": []
    },
    {
        "id": 70,
        "task_type": "TypeD",
        "complexity": 2,
        "quality_threshold": 0.75,
        "location": [
            [
                116.41032,
                39.91026
            ],
            [
                116.41933,
                39.91026
            ],
            [
                116.41032,
                39.89001
            ],
            [
                116.41933,
                39.89001
            ]
        ],
        "num_area": 4,
        "start_time": "12:15:51",
        "end_time": "15:15:51",
        "budget": 240,
        "remain_budget": 240,
        "sensing_time": 20,
        "sensing_rounds": 0,
        "interval": 0,
        "assigned_workers": []
    },
    {
        "id": 71,
        "task_type": "TypeD",
        "complexity": 2,
        "quality_threshold": 0.75,
        "location": [
            [
                116.37304,
                40.30924
            ],
            [
                116.37304,
                40.28991
            ]
        ],
        "num_area": 2,
        "start_time": "17:51:08",
        "end_time": "20:00:00",
        "budget": 120,
        "remain_budget": 120,
        "sensing_time": 20,
        "sensing_rounds": 0,
        "interval": 0,
        "assigned_workers": []
    },
    {
        "id": 72,
        "task_type": "TypeB",
        "complexity": 1,
        "quality_threshold": 0.6,
        "location": [
            116.35767,
            39.918
        ],
        "num_area": 1,
        "start_time": "11:00:00",
        "end_time": "12:30:00",
        "budget": 50,
        "remain_budget": 50,
        "sensing_time": 5,
        "sensing_rounds": 2,
        "interval": 0.75,
        "assigned_workers": []
    },
    {
        "id": 73,
        "task_type": "TypeA",
        "complexity": 1,
        "quality_threshold": 0.6,
        "location": [
            116.58276,
            40.12268
        ],
        "num_area": 1,
        "start_time": "11:00:00",
        "end_time": "15:30:00",
        "budget": 150,
        "remain_budget": 150,
        "sensing_time": 5,
        "sensing_rounds": 6,
        "interval": 0.75,
        "assigned_workers": []
    },
    {
        "id": 74,
        "task_type": "TypeD",
        "complexity": 3,
        "quality_threshold": 0.8500000000000001,
        "location": [
            [
                116.7718,
                40.01504
            ],
            [
                116.78081,
                40.01504
            ],
            [
                116.7718,
                39.99504
            ],
            [
                116.78081,
                39.99505
            ]
        ],
        "num_area": 4,
        "start_time": "13:38:46",
        "end_time": "16:38:46",
        "budget": 280,
        "remain_budget": 280,
        "sensing_time": 30,
        "sensing_rounds": 0,
        "interval": 0,
        "assigned_workers": []
    },
    {
        "id": 75,
        "task_type": "TypeB",
        "complexity": 2,
        "quality_threshold": 0.7,
        "location": [
            116.37457,
            39.9171
        ],
        "num_area": 1,
        "start_time": "14:00:00",
        "end_time": "16:15:00",
        "budget": 90,
        "remain_budget": 90,
        "sensing_time": 10,
        "sensing_rounds": 3,
        "interval": 0.75,
        "assigned_workers": []
    },
    {
        "id": 76,
        "task_type": "TypeB",
        "complexity": 1,
        "quality_threshold": 0.6,
        "location": [
            116.45826,
            39.90455
        ],
        "num_area": 1,
        "start_time": "08:00:00",
        "end_time": "12:00:00",
        "budget": 100,
        "remain_budget": 100,
        "sensing_time": 5,
        "sensing_rounds": 4,
        "interval": 1.0,
        "assigned_workers": []
    },
    {
        "id": 77,
        "task_type": "TypeD",
        "complexity": 3,
        "quality_threshold": 0.8500000000000001,
        "location": [
            [
                116.32904,
                39.90082
            ],
            [
                116.33805,
                39.90082
            ],
            [
                116.32904,
                39.88051
            ],
            [
                116.33805,
                39.88051
            ]
        ],
        "num_area": 4,
        "start_time": "17:13:26",
        "end_time": "19:13:26",
        "budget": 280,
        "remain_budget": 280,
        "sensing_time": 30,
        "sensing_rounds": 0,
        "interval": 0,
        "assigned_workers": []
    },
    {
        "id": 78,
        "task_type": "TypeB",
        "complexity": 2,
        "quality_threshold": 0.7,
        "location": [
            116.42747,
            40.15971
        ],
        "num_area": 1,
        "start_time": "08:00:00",
        "end_time": "10:00:00",
        "budget": 60,
        "remain_budget": 60,
        "sensing_time": 10,
        "sensing_rounds": 2,
        "interval": 1.0,
        "assigned_workers": []
    },
    {
        "id": 79,
        "task_type": "TypeC",
        "complexity": 2,
        "quality_threshold": 0.75,
        "location": [
            [
                116.38584,
                40.86972
            ],
            [
                116.39485,
                40.86972
            ],
            [
                116.40386,
                40.86972
            ],
            [
                116.38584,
                40.84893
            ],
            [
                116.39485,
                40.84894
            ],
            [
                116.40386,
                40.84895
            ]
        ],
        "num_area": 6,
        "start_time": "10:00:00",
        "end_time": "14:00:00",
        "budget": 360,
        "remain_budget": 360,
        "sensing_time": 20,
        "sensing_rounds": 0,
        "interval": 0,
        "assigned_workers": []
    },
    {
        "id": 80,
        "task_type": "TypeB",
        "complexity": 2,
        "quality_threshold": 0.7,
        "location": [
            116.42936,
            39.90757
        ],
        "num_area": 1,
        "start_time": "17:00:00",
        "end_time": "18:00:00",
        "budget": 30,
        "remain_budget": 30,
        "sensing_time": 10,
        "sensing_rounds": 1,
        "interval": 1.0,
        "assigned_workers": []
    },
    {
        "id": 81,
        "task_type": "TypeA",
        "complexity": 2,
        "quality_threshold": 0.7,
        "location": [
            116.35274,
            39.94592
        ],
        "num_area": 1,
        "start_time": "10:00:00",
        "end_time": "15:00:00",
        "budget": 150,
        "remain_budget": 150,
        "sensing_time": 10,
        "sensing_rounds": 5,
        "interval": 1.0,
        "assigned_workers": []
    },
    {
        "id": 82,
        "task_type": "TypeD",
        "complexity": 1,
        "quality_threshold": 0.65,
        "location": [
            [
                116.3523,
                39.91294
            ],
            [
                116.3523,
                39.89264
            ]
        ],
        "num_area": 2,
        "start_time": "15:04:40",
        "end_time": "19:04:40",
        "budget": 100,
        "remain_budget": 100,
        "sensing_time": 10,
        "sensing_rounds": 0,
        "interval": 0,
        "assigned_workers": []
    },
    {
        "id": 83,
        "task_type": "TypeA",
        "complexity": 1,
        "quality_threshold": 0.6,
        "location": [
            116.39594,
            40.2116
        ],
        "num_area": 1,
        "start_time": "11:00:00",
        "end_time": "15:00:00",
        "budget": 100,
        "remain_budget": 100,
        "sensing_time": 5,
        "sensing_rounds": 4,
        "interval": 1.0,
        "assigned_workers": []
    },
    {
        "id": 84,
        "task_type": "TypeC",
        "complexity": 3,
        "quality_threshold": 0.8500000000000001,
        "location": [
            [
                116.41829,
                39.903
            ],
            [
                116.41829,
                39.88275
            ],
            [
                116.41829,
                39.8625
            ]
        ],
        "num_area": 3,
        "start_time": "14:00:00",
        "end_time": "18:00:00",
        "budget": 210,
        "remain_budget": 210,
        "sensing_time": 30,
        "sensing_rounds": 0,
        "interval": 0,
        "assigned_workers": []
    },
    {
        "id": 85,
        "task_type": "TypeC",
        "complexity": 2,
        "quality_threshold": 0.75,
        "location": [
            [
                116.35737,
                40.10096
            ],
            [
                116.35737,
                40.08027
            ]
        ],
        "num_area": 2,
        "start_time": "17:00:00",
        "end_time": "20:00:00",
        "budget": 140,
        "remain_budget": 140,
        "sensing_time": 30,
        "sensing_rounds": 0,
        "interval": 0,
        "assigned_workers": []
    },
    {
        "id": 86,
        "task_type": "TypeC",
        "complexity": 2,
        "quality_threshold": 0.75,
        "location": [
            [
                116.43974,
                39.95844
            ],
            [
                116.44875,
                39.95844
            ],
            [
                116.43974,
                39.93869
            ],
            [
                116.44875,
                39.9387
            ]
        ],
        "num_area": 4,
        "start_time": "10:00:00",
        "end_time": "15:00:00",
        "budget": 280,
        "remain_budget": 280,
        "sensing_time": 30,
        "sensing_rounds": 0,
        "interval": 0,
        "assigned_workers": []
    },
    {
        "id": 87,
        "task_type": "TypeB",
        "complexity": 1,
        "quality_threshold": 0.6,
        "location": [
            116.35966,
            39.91683
        ],
        "num_area": 1,
        "start_time": "12:00:00",
        "end_time": "14:00:00",
        "budget": 50,
        "remain_budget": 50,
        "sensing_time": 5,
        "sensing_rounds": 2,
        "interval": 1.0,
        "assigned_workers": []
    },
    {
        "id": 88,
        "task_type": "TypeC",
        "complexity": 3,
        "quality_threshold": 0.8500000000000001,
        "location": [
            [
                116.41227,
                39.91878
            ]
        ],
        "num_area": 1,
        "start_time": "15:00:00",
        "end_time": "20:00:00",
        "budget": 70,
        "remain_budget": 70,
        "sensing_time": 30,
        "sensing_rounds": 0,
        "interval": 0,
        "assigned_workers": []
    },
    {
        "id": 89,
        "task_type": "TypeB",
        "complexity": 1,
        "quality_threshold": 0.6,
        "location": [
            116.45799,
            39.89061
        ],
        "num_area": 1,
        "start_time": "15:00:00",
        "end_time": "17:15:00",
        "budget": 75,
        "remain_budget": 75,
        "sensing_time": 5,
        "sensing_rounds": 3,
        "interval": 0.75,
        "assigned_workers": []
    },
    {
        "id": 90,
        "task_type": "TypeB",
        "complexity": 3,
        "quality_threshold": 0.8,
        "location": [
            116.37645,
            39.91044
        ],
        "num_area": 1,
        "start_time": "12:00:00",
        "end_time": "12:45:00",
        "budget": 35,
        "remain_budget": 35,
        "sensing_time": 15,
        "sensing_rounds": 1,
        "interval": 0.75,
        "assigned_workers": []
    },
    {
        "id": 91,
        "task_type": "TypeC",
        "complexity": 2,
        "quality_threshold": 0.75,
        "location": [
            [
                116.37891,
                39.91178
            ],
            [
                116.38792,
                39.91178
            ],
            [
                116.37891,
                39.8915
            ],
            [
                116.38792,
                39.89151
            ],
            [
                116.37891,
                39.87123
            ],
            [
                116.38792,
                39.87124
            ]
        ],
        "num_area": 6,
        "start_time": "08:00:00",
        "end_time": "14:00:00",
        "budget": 360,
        "remain_budget": 360,
        "sensing_time": 20,
        "sensing_rounds": 0,
        "interval": 0,
        "assigned_workers": []
    },
    {
        "id": 92,
        "task_type": "TypeD",
        "complexity": 1,
        "quality_threshold": 0.65,
        "location": [
            [
                116.35263,
                39.94836
            ],
            [
                116.35263,
                39.92806
            ]
        ],
        "num_area": 2,
        "start_time": "13:10:35",
        "end_time": "15:10:35",
        "budget": 100,
        "remain_budget": 100,
        "sensing_time": 10,
        "sensing_rounds": 0,
        "interval": 0,
        "assigned_workers": []
    },
    {
        "id": 93,
        "task_type": "TypeD",
        "complexity": 3,
        "quality_threshold": 0.8500000000000001,
        "location": [
            [
                116.4256,
                39.90732
            ],
            [
                116.43461,
                39.90732
            ]
        ],
        "num_area": 2,
        "start_time": "17:02:21",
        "end_time": "20:00:00",
        "budget": 140,
        "remain_budget": 140,
        "sensing_time": 30,
        "sensing_rounds": 0,
        "interval": 0,
        "assigned_workers": []
    },
    {
        "id": 94,
        "task_type": "TypeC",
        "complexity": 1,
        "quality_threshold": 0.65,
        "location": [
            [
                116.41112,
                39.90604
            ],
            [
                116.42013,
                39.90604
            ],
            [
                116.42914,
                39.90604
            ],
            [
                116.41112,
                39.88579
            ],
            [
                116.42013,
                39.88579
            ],
            [
                116.42914,
                39.8858
            ]
        ],
        "num_area": 6,
        "start_time": "16:00:00",
        "end_time": "20:00:00",
        "budget": 300,
        "remain_budget": 300,
        "sensing_time": 10,
        "sensing_rounds": 0,
        "interval": 0,
        "assigned_workers": []
    },
    {
        "id": 95,
        "task_type": "TypeD",
        "complexity": 2,
        "quality_threshold": 0.75,
        "location": [
            [
                116.4367,
                40.44678
            ],
            [
                116.44571,
                40.44678
            ]
        ],
        "num_area": 2,
        "start_time": "13:22:38",
        "end_time": "16:22:38",
        "budget": 140,
        "remain_budget": 140,
        "sensing_time": 30,
        "sensing_rounds": 0,
        "interval": 0,
        "assigned_workers": []
    },
    {
        "id": 96,
        "task_type": "TypeD",
        "complexity": 2,
        "quality_threshold": 0.75,
        "location": [
            [
                116.35554,
                39.94586
            ],
            [
                116.36455,
                39.94586
            ]
        ],
        "num_area": 2,
        "start_time": "08:47:54",
        "end_time": "12:47:54",
        "budget": 120,
        "remain_budget": 120,
        "sensing_time": 20,
        "sensing_rounds": 0,
        "interval": 0,
        "assigned_workers": []
    },
    {
        "id": 97,
        "task_type": "TypeC",
        "complexity": 3,
        "quality_threshold": 0.8500000000000001,
        "location": [
            [
                116.35412,
                39.92905
            ],
            [
                116.35412,
                39.90876
            ],
            [
                116.35412,
                39.88846
            ]
        ],
        "num_area": 3,
        "start_time": "10:00:00",
        "end_time": "14:00:00",
        "budget": 210,
        "remain_budget": 210,
        "sensing_time": 30,
        "sensing_rounds": 0,
        "interval": 0,
        "assigned_workers": []
    },
    {
        "id": 98,
        "task_type": "TypeC",
        "complexity": 1,
        "quality_threshold": 0.65,
        "location": [
            [
                116.41515,
                39.91141
            ],
            [
                116.42416,
                39.91141
            ]
        ],
        "num_area": 2,
        "start_time": "13:00:00",
        "end_time": "17:00:00",
        "budget": 100,
        "remain_budget": 100,
        "sensing_time": 10,
        "sensing_rounds": 0,
        "interval": 0,
        "assigned_workers": []
    },
    {
        "id": 99,
        "task_type": "TypeD",
        "complexity": 1,
        "quality_threshold": 0.65,
        "location": [
            [
                116.86926,
                40.37333
            ],
            [
                116.86926,
                40.35406
            ]
        ],
        "num_area": 2,
        "start_time": "14:49:54",
        "end_time": "17:49:54",
        "budget": 100,
        "remain_budget": 100,
        "sensing_time": 10,
        "sensing_rounds": 0,
        "interval": 0,
        "assigned_workers": []
    },
    {
        "id": 100,
        "task_type": "TypeD",
        "complexity": 3,
        "quality_threshold": 0.8500000000000001,
        "location": [
            [
                116.35774,
                39.9203
            ],
            [
                116.36675,
                39.9203
            ],
            [
                116.35774,
                39.90001
            ],
            [
                116.36675,
                39.90001
            ]
        ],
        "num_area": 4,
        "start_time": "17:19:01",
        "end_time": "19:19:01",
        "budget": 280,
        "remain_budget": 280,
        "sensing_time": 30,
        "sensing_rounds": 0,
        "interval": 0,
        "assigned_workers": []
    },
    {
        "id": 101,
        "task_type": "TypeC",
        "complexity": 1,
        "quality_threshold": 0.65,
        "location": [
            [
                116.35741,
                39.92698
            ]
        ],
        "num_area": 1,
        "start_time": "14:00:00",
        "end_time": "19:00:00",
        "budget": 50,
        "remain_budget": 50,
        "sensing_time": 10,
        "sensing_rounds": 0,
        "interval": 0,
        "assigned_workers": []
    },
    {
        "id": 102,
        "task_type": "TypeB",
        "complexity": 1,
        "quality_threshold": 0.6,
        "location": [
            116.34524,
            39.57974
        ],
        "num_area": 1,
        "start_time": "09:00:00",
        "end_time": "09:45:00",
        "budget": 25,
        "remain_budget": 25,
        "sensing_time": 5,
        "sensing_rounds": 1,
        "interval": 0.75,
        "assigned_workers": []
    },
    {
        "id": 103,
        "task_type": "TypeB",
        "complexity": 2,
        "quality_threshold": 0.7,
        "location": [
            116.42543,
            39.90657
        ],
        "num_area": 1,
        "start_time": "13:00:00",
        "end_time": "16:00:00",
        "budget": 120,
        "remain_budget": 120,
        "sensing_time": 10,
        "sensing_rounds": 4,
        "interval": 0.75,
        "assigned_workers": []
    },
    {
        "id": 104,
        "task_type": "TypeB",
        "complexity": 3,
        "quality_threshold": 0.8,
        "location": [
            116.41586,
            39.91557
        ],
        "num_area": 1,
        "start_time": "12:00:00",
        "end_time": "12:45:00",
        "budget": 35,
        "remain_budget": 35,
        "sensing_time": 15,
        "sensing_rounds": 1,
        "interval": 0.75,
        "assigned_workers": []
    },
    {
        "id": 105,
        "task_type": "TypeB",
        "complexity": 1,
        "quality_threshold": 0.6,
        "location": [
            116.47403,
            39.91886
        ],
        "num_area": 1,
        "start_time": "08:00:00",
        "end_time": "10:00:00",
        "budget": 50,
        "remain_budget": 50,
        "sensing_time": 5,
        "sensing_rounds": 2,
        "interval": 1.0,
        "assigned_workers": []
    },
    {
        "id": 106,
        "task_type": "TypeD",
        "complexity": 3,
        "quality_threshold": 0.8500000000000001,
        "location": [
            [
                116.35682,
                39.68955
            ]
        ],
        "num_area": 1,
        "start_time": "17:59:31",
        "end_time": "20:00:00",
        "budget": 70,
        "remain_budget": 70,
        "sensing_time": 30,
        "sensing_rounds": 0,
        "interval": 0,
        "assigned_workers": []
    },
    {
        "id": 107,
        "task_type": "TypeA",
        "complexity": 1,
        "quality_threshold": 0.6,
        "location": [
            116.3566,
            39.91875
        ],
        "num_area": 1,
        "start_time": "09:00:00",
        "end_time": "13:30:00",
        "budget": 150,
        "remain_budget": 150,
        "sensing_time": 5,
        "sensing_rounds": 6,
        "interval": 0.75,
        "assigned_workers": []
    },
    {
        "id": 108,
        "task_type": "TypeB",
        "complexity": 3,
        "quality_threshold": 0.8,
        "location": [
            116.45375,
            40.16306
        ],
        "num_area": 1,
        "start_time": "10:00:00",
        "end_time": "10:45:00",
        "budget": 35,
        "remain_budget": 35,
        "sensing_time": 15,
        "sensing_rounds": 1,
        "interval": 0.75,
        "assigned_workers": []
    },
    {
        "id": 109,
        "task_type": "TypeD",
        "complexity": 1,
        "quality_threshold": 0.65,
        "location": [
            [
                116.38206,
                40.03288
            ],
            [
                116.38206,
                40.01227
            ]
        ],
        "num_area": 2,
        "start_time": "09:17:19",
        "end_time": "13:17:19",
        "budget": 100,
        "remain_budget": 100,
        "sensing_time": 10,
        "sensing_rounds": 0,
        "interval": 0,
        "assigned_workers": []
    },
    {
        "id": 110,
        "task_type": "TypeC",
        "complexity": 3,
        "quality_threshold": 0.8500000000000001,
        "location": [
            [
                116.34334,
                39.80102
            ],
            [
                116.34334,
                39.78179
            ],
            [
                116.34334,
                39.76257
            ]
        ],
        "num_area": 3,
        "start_time": "09:00:00",
        "end_time": "13:00:00",
        "budget": 210,
        "remain_budget": 210,
        "sensing_time": 30,
        "sensing_rounds": 0,
        "interval": 0,
        "assigned_workers": []
    },
    {
        "id": 111,
        "task_type": "TypeA",
        "complexity": 1,
        "quality_threshold": 0.6,
        "location": [
            116.47357,
            39.70368
        ],
        "num_area": 1,
        "start_time": "14:00:00",
        "end_time": "17:00:00",
        "budget": 100,
        "remain_budget": 100,
        "sensing_time": 5,
        "sensing_rounds": 4,
        "interval": 0.75,
        "assigned_workers": []
    },
    {
        "id": 112,
        "task_type": "TypeD",
        "complexity": 2,
        "quality_threshold": 0.75,
        "location": [
            [
                116.29503,
                39.69369
            ],
            [
                116.30404,
                39.69369
            ],
            [
                116.29503,
                39.67391
            ],
            [
                116.30404,
                39.67392
            ]
        ],
        "num_area": 4,
        "start_time": "18:46:17",
        "end_time": "20:00:00",
        "budget": 240,
        "remain_budget": 240,
        "sensing_time": 20,
        "sensing_rounds": 0,
        "interval": 0,
        "assigned_workers": []
    },
    {
        "id": 113,
        "task_type": "TypeB",
        "complexity": 2,
        "quality_threshold": 0.7,
        "location": [
            116.59366,
            40.16559
        ],
        "num_area": 1,
        "start_time": "16:00:00",
        "end_time": "17:30:00",
        "budget": 70,
        "remain_budget": 70,
        "sensing_time": 15,
        "sensing_rounds": 2,
        "interval": 0.75,
        "assigned_workers": []
    },
    {
        "id": 114,
        "task_type": "TypeD",
        "complexity": 1,
        "quality_threshold": 0.65,
        "location": [
            [
                116.45052,
                39.89605
            ],
            [
                116.45052,
                39.87582
            ]
        ],
        "num_area": 2,
        "start_time": "13:52:23",
        "end_time": "17:52:23",
        "budget": 100,
        "remain_budget": 100,
        "sensing_time": 10,
        "sensing_rounds": 0,
        "interval": 0,
        "assigned_workers": []
    },
    {
        "id": 115,
        "task_type": "TypeC",
        "complexity": 2,
        "quality_threshold": 0.75,
        "location": [
            [
                116.42482,
                39.90878
            ],
            [
                116.43383,
                39.90878
            ],
            [
                116.42482,
                39.88854
            ],
            [
                116.43383,
                39.88854
            ],
            [
                116.42482,
                39.86829
            ],
            [
                116.43383,
                39.8683
            ]
        ],
        "num_area": 6,
        "start_time": "15:00:00",
        "end_time": "19:00:00",
        "budget": 360,
        "remain_budget": 360,
        "sensing_time": 20,
        "sensing_rounds": 0,
        "interval": 0,
        "assigned_workers": []
    },
    {
        "id": 116,
        "task_type": "TypeA",
        "complexity": 1,
        "quality_threshold": 0.6,
        "location": [
            116.41916,
            39.91619
        ],
        "num_area": 1,
        "start_time": "11:00:00",
        "end_time": "14:00:00",
        "budget": 100,
        "remain_budget": 100,
        "sensing_time": 5,
        "sensing_rounds": 4,
        "interval": 0.75,
        "assigned_workers": []
    },
    {
        "id": 117,
        "task_type": "TypeA",
        "complexity": 1,
        "quality_threshold": 0.6,
        "location": [
            116.37138,
            39.91035
        ],
        "num_area": 1,
        "start_time": "12:00:00",
        "end_time": "17:00:00",
        "budget": 125,
        "remain_budget": 125,
        "sensing_time": 5,
        "sensing_rounds": 5,
        "interval": 1.0,
        "assigned_workers": []
    },
    {
        "id": 118,
        "task_type": "TypeD",
        "complexity": 2,
        "quality_threshold": 0.75,
        "location": [
            [
                116.35969,
                40.10002
            ],
            [
                116.3687,
                40.10002
            ]
        ],
        "num_area": 2,
        "start_time": "12:20:37",
        "end_time": "14:20:37",
        "budget": 120,
        "remain_budget": 120,
        "sensing_time": 20,
        "sensing_rounds": 0,
        "interval": 0,
        "assigned_workers": []
    },
    {
        "id": 119,
        "task_type": "TypeD",
        "complexity": 3,
        "quality_threshold": 0.8500000000000001,
        "location": [
            [
                116.29932,
                40.15054
            ]
        ],
        "num_area": 1,
        "start_time": "11:51:52",
        "end_time": "15:51:52",
        "budget": 70,
        "remain_budget": 70,
        "sensing_time": 30,
        "sensing_rounds": 0,
        "interval": 0,
        "assigned_workers": []
    },
    {
        "id": 120,
        "task_type": "TypeC",
        "complexity": 1,
        "quality_threshold": 0.65,
        "location": [
            [
                115.98466,
                39.71409
            ],
            [
                115.99367,
                39.71409
            ],
            [
                116.00268,
                39.71409
            ]
        ],
        "num_area": 3,
        "start_time": "14:00:00",
        "end_time": "18:00:00",
        "budget": 150,
        "remain_budget": 150,
        "sensing_time": 10,
        "sensing_rounds": 0,
        "interval": 0,
        "assigned_workers": []
    }
]