[
    {
        "id": 1,
        "task_type": "TypeA",
        "complexity": 2,
        "quality_threshold": 0.7,
        "location": [
            116.44904,
            39.73333
        ],
        "num_area": 1,
        "start_time": "14:00:00",
        "end_time": "18:30:00",
        "budget": 180,
        "remain_budget": 180,
        "sensing_time": 10,
        "sensing_rounds": 6,
        "interval": 0.75,
        "assigned_workers": []
    },
    {
        "id": 2,
        "task_type": "TypeA",
        "complexity": 2,
        "quality_threshold": 0.7,
        "location": [
            116.37328,
            40.6971
        ],
        "num_area": 1,
        "start_time": "13:00:00",
        "end_time": "17:00:00",
        "budget": 120,
        "remain_budget": 120,
        "sensing_time": 10,
        "sensing_rounds": 4,
        "interval": 1.0,
        "assigned_workers": []
    },
    {
        "id": 3,
        "task_type": "TypeC",
        "complexity": 1,
        "quality_threshold": 0.65,
        "location": [
            [
                116.42689,
                40.10009
            ],
            [
                116.4359,
                40.10009
            ]
        ],
        "num_area": 2,
        "start_time": "09:00:00",
        "end_time": "13:00:00",
        "budget": 100,
        "remain_budget": 100,
        "sensing_time": 10,
        "sensing_rounds": 0,
        "interval": 0,
        "assigned_workers": []
    },
    {
        "id": 4,
        "task_type": "TypeC",
        "complexity": 2,
        "quality_threshold": 0.75,
        "location": [
            [
                116.32705,
                40.4021
            ],
            [
                116.33606,
                40.4021
            ],
            [
                116.34507,
                40.4021
            ],
            [
                116.32705,
                40.38179
            ],
            [
                116.33606,
                40.38179
            ],
            [
                116.34507,
                40.3818
            ]
        ],
        "num_area": 6,
        "start_time": "11:00:00",
        "end_time": "16:00:00",
        "budget": 540,
        "remain_budget": 540,
        "sensing_time": 20,
        "sensing_rounds": 0,
        "interval": 0,
        "assigned_workers": []
    },
    {
        "id": 5,
        "task_type": "TypeB",
        "complexity": 3,
        "quality_threshold": 0.8,
        "location": [
            116.25985,
            40.36582
        ],
        "num_area": 1,
        "start_time": "14:00:00",
        "end_time": "15:00:00",
        "budget": 35,
        "remain_budget": 35,
        "sensing_time": 15,
        "sensing_rounds": 1,
        "interval": 1.0,
        "assigned_workers": []
    },
    {
        "id": 6,
        "task_type": "TypeD",
        "complexity": 1,
        "quality_threshold": 0.65,
        "location": [
            [
                116.67099,
                40.50249
            ],
            [
                116.68,
                40.50249
            ],
            [
                116.67099,
                40.48242
            ],
            [
                116.68,
                40.48243
            ]
        ],
        "num_area": 4,
        "start_time": "16:02:42",
        "end_time": "20:00:00",
        "budget": 200,
        "remain_budget": 200,
        "sensing_time": 10,
        "sensing_rounds": 0,
        "interval": 0,
        "assigned_workers": []
    },
    {
        "id": 7,
        "task_type": "TypeB",
        "complexity": 3,
        "quality_threshold": 0.8,
        "location": [
            116.41899,
            39.77499
        ],
        "num_area": 1,
        "start_time": "10:00:00",
        "end_time": "14:00:00",
        "budget": 140,
        "remain_budget": 140,
        "sensing_time": 15,
        "sensing_rounds": 4,
        "interval": 1.0,
        "assigned_workers": []
    },
    {
        "id": 8,
        "task_type": "TypeB",
        "complexity": 2,
        "quality_threshold": 0.7,
        "location": [
            116.78202,
            39.4969
        ],
        "num_area": 1,
        "start_time": "10:00:00",
        "end_time": "14:00:00",
        "budget": 120,
        "remain_budget": 120,
        "sensing_time": 10,
        "sensing_rounds": 4,
        "interval": 1.0,
        "assigned_workers": []
    },
    {
        "id": 9,
        "task_type": "TypeD",
        "complexity": 2,
        "quality_threshold": 0.75,
        "location": [
            [
                116.33816,
                40.24861
            ],
            [
                116.34717,
                40.24861
            ]
        ],
        "num_area": 2,
        "start_time": "12:08:21",
        "end_time": "14:08:21",
        "budget": 120,
        "remain_budget": 120,
        "sensing_time": 20,
        "sensing_rounds": 0,
        "interval": 0,
        "assigned_workers": []
    },
    {
        "id": 10,
        "task_type": "TypeB",
        "complexity": 1,
        "quality_threshold": 0.6,
        "location": [
            115.94639,
            40.04233
        ],
        "num_area": 1,
        "start_time": "13:00:00",
        "end_time": "14:00:00",
        "budget": 25,
        "remain_budget": 25,
        "sensing_time": 5,
        "sensing_rounds": 1,
        "interval": 1.0,
        "assigned_workers": []
    },
    {
        "id": 11,
        "task_type": "TypeD",
        "complexity": 1,
        "quality_threshold": 0.65,
        "location": [
            [
                116.42088,
                41.16359
            ],
            [
                116.42088,
                41.14334
            ]
        ],
        "num_area": 2,
        "start_time": "11:33:51",
        "end_time": "15:33:51",
        "budget": 100,
        "remain_budget": 100,
        "sensing_time": 10,
        "sensing_rounds": 0,
        "interval": 0,
        "assigned_workers": []
    },
    {
        "id": 12,
        "task_type": "TypeA",
        "complexity": 1,
        "quality_threshold": 0.6,
        "location": [
            116.22658,
            39.94866
        ],
        "num_area": 1,
        "start_time": "10:00:00",
        "end_time": "13:00:00",
        "budget": 100,
        "remain_budget": 100,
        "sensing_time": 5,
        "sensing_rounds": 4,
        "interval": 0.75,
        "assigned_workers": []
    },
    {
        "id": 13,
        "task_type": "TypeC",
        "complexity": 2,
        "quality_threshold": 0.75,
        "location": [
            [
                116.33841,
                41.1947
            ]
        ],
        "num_area": 1,
        "start_time": "16:00:00",
        "end_time": "20:00:00",
        "budget": 60,
        "remain_budget": 60,
        "sensing_time": 20,
        "sensing_rounds": 0,
        "interval": 0,
        "assigned_workers": []
    },
    {
        "id": 14,
        "task_type": "TypeC",
        "complexity": 1,
        "quality_threshold": 0.65,
        "location": [
            [
                116.37732,
                40.78298
            ],
            [
                116.38633,
                41.78298
            ],
            [
                116.37732,
                40.76326
            ],
            [
                116.38633,
                40.76326
            ],
            [
                116.37732,
                40.74353
            ],
            [
                116.38633,
                40.74354
            ]
        ],
        "num_area": 6,
        "start_time": "17:00:00",
        "end_time": "20:00:00",
        "budget": 300,
        "remain_budget": 300,
        "sensing_time": 10,
        "sensing_rounds": 0,
        "interval": 0,
        "assigned_workers": []
    },
    {
        "id": 15,
        "task_type": "TypeA",
        "complexity": 2,
        "quality_threshold": 0.7,
        "location": [
            116.38252,
            39.85198
        ],
        "num_area": 1,
        "start_time": "15:00:00",
        "end_time": "18:45:00",
        "budget": 150,
        "remain_budget": 150,
        "sensing_time": 10,
        "sensing_rounds": 5,
        "interval": 0.75,
        "assigned_workers": []
    },
    {
        "id": 16,
        "task_type": "TypeB",
        "complexity": 2,
        "quality_threshold": 0.7,
        "location": [
            116.47091,
            40.12904
        ],
        "num_area": 1,
        "start_time": "10:00:00",
        "end_time": "13:00:00",
        "budget": 140,
        "remain_budget": 140,
        "sensing_time": 15,
        "sensing_rounds": 4,
        "interval": 0.75,
        "assigned_workers": []
    },
    {
        "id": 17,
        "task_type": "TypeD",
        "complexity": 2,
        "quality_threshold": 0.75,
        "location": [
            [
                116.55359,
                39.44243
            ]
        ],
        "num_area": 1,
        "start_time": "12:34:35",
        "end_time": "14:34:35",
        "budget": 60,
        "remain_budget": 60,
        "sensing_time": 20,
        "sensing_rounds": 0,
        "interval": 0,
        "assigned_workers": []
    },
    {
        "id": 18,
        "task_type": "TypeA",
        "complexity": 1,
        "quality_threshold": 0.6,
        "location": [
            116.40098,
            40.46492
        ],
        "num_area": 1,
        "start_time": "14:00:00",
        "end_time": "17:45:00",
        "budget": 125,
        "remain_budget": 125,
        "sensing_time": 5,
        "sensing_rounds": 5,
        "interval": 0.75,
        "assigned_workers": []
    },
    {
        "id": 19,
        "task_type": "TypeD",
        "complexity": 2,
        "quality_threshold": 0.75,
        "location": [
            [
                116.18291,
                40.19769
            ],
            [
                116.19192,
                40.19769
            ]
        ],
        "num_area": 2,
        "start_time": "17:23:36",
        "end_time": "20:00:00",
        "budget": 120,
        "remain_budget": 120,
        "sensing_time": 20,
        "sensing_rounds": 0,
        "interval": 0,
        "assigned_workers": []
    },
    {
        "id": 20,
        "task_type": "TypeD",
        "complexity": 1,
        "quality_threshold": 0.65,
        "location": [
            [
                116.11336,
                39.19049
            ]
        ],
        "num_area": 1,
        "start_time": "12:59:51",
        "end_time": "14:59:51",
        "budget": 50,
        "remain_budget": 50,
        "sensing_time": 10,
        "sensing_rounds": 0,
        "interval": 0,
        "assigned_workers": []
    },
    {
        "id": 21,
        "task_type": "TypeB",
        "complexity": 3,
        "quality_threshold": 0.8,
        "location": [
            116.40642,
            39.85991
        ],
        "num_area": 1,
        "start_time": "12:00:00",
        "end_time": "14:00:00",
        "budget": 70,
        "remain_budget": 70,
        "sensing_time": 15,
        "sensing_rounds": 2,
        "interval": 1.0,
        "assigned_workers": []
    },
    {
        "id": 22,
        "task_type": "TypeB",
        "complexity": 3,
        "quality_threshold": 0.8,
        "location": [
            116.39926,
            39.6821
        ],
        "num_area": 1,
        "start_time": "10:00:00",
        "end_time": "11:30:00",
        "budget": 35,
        "remain_budget": 35,
        "sensing_time": 15,
        "sensing_rounds": 2,
        "interval": 0.75,
        "assigned_workers": []
    },
    {
        "id": 23,
        "task_type": "TypeA",
        "complexity": 2,
        "quality_threshold": 0.7,
        "location": [
            116.37273,
            39.63683
        ],
        "num_area": 1,
        "start_time": "09:00:00",
        "end_time": "13:30:00",
        "budget": 180,
        "remain_budget": 180,
        "sensing_time": 10,
        "sensing_rounds": 6,
        "interval": 0.75,
        "assigned_workers": []
    },
    {
        "id": 24,
        "task_type": "TypeD",
        "complexity": 2,
        "quality_threshold": 0.75,
        "location": [
            [
                115.9622,
                39.67022
            ],
            [
                115.97121,
                39.67022
            ],
            [
                115.9622,
                39.64964
            ],
            [
                115.97121,
                39.64965
            ]
        ],
        "num_area": 4,
        "start_time": "10:58:21",
        "end_time": "13:58:21",
        "budget": 240,
        "remain_budget": 240,
        "sensing_time": 20,
        "sensing_rounds": 0,
        "interval": 0,
        "assigned_workers": []
    },
    {
        "id": 25,
        "task_type": "TypeB",
        "complexity": 3,
        "quality_threshold": 0.8,
        "location": [
            116.63846,
            39.97314
        ],
        "num_area": 1,
        "start_time": "16:00:00",
        "end_time": "18:15:00",
        "budget": 105,
        "remain_budget": 105,
        "sensing_time": 15,
        "sensing_rounds": 3,
        "interval": 0.75,
        "assigned_workers": []
    },
    {
        "id": 26,
        "task_type": "TypeC",
        "complexity": 1,
        "quality_threshold": 0.65,
        "location": [
            [
                116.19777,
                40.77581
            ]
        ],
        "num_area": 1,
        "start_time": "12:00:00",
        "end_time": "18:00:00",
        "budget": 50,
        "remain_budget": 50,
        "sensing_time": 10,
        "sensing_rounds": 0,
        "interval": 0,
        "assigned_workers": []
    },
    {
        "id": 27,
        "task_type": "TypeC",
        "complexity": 1,
        "quality_threshold": 0.65,
        "location": [
            [
                116.41541,
                40.76386
            ],
            [
                116.41541,
                40.74413
            ]
        ],
        "num_area": 2,
        "start_time": "15:00:00",
        "end_time": "20:00:00",
        "budget": 100,
        "remain_budget": 100,
        "sensing_time": 10,
        "sensing_rounds": 0,
        "interval": 0,
        "assigned_workers": []
    },
    {
        "id": 28,
        "task_type": "TypeB",
        "complexity": 2,
        "quality_threshold": 0.7,
        "location": [
            116.40638,
            40.27812
        ],
        "num_area": 1,
        "start_time": "18:00:00",
        "end_time": "19:00:00",
        "budget": 30,
        "remain_budget": 30,
        "sensing_time": 10,
        "sensing_rounds": 1,
        "interval": 1.0,
        "assigned_workers": []
    },
    {
        "id": 29,
        "task_type": "TypeA",
        "complexity": 1,
        "quality_threshold": 0.6,
        "location": [
            116.44204,
            40.02556
        ],
        "num_area": 1,
        "start_time": "11:00:00",
        "end_time": "16:00:00",
        "budget": 125,
        "remain_budget": 125,
        "sensing_time": 5,
        "sensing_rounds": 5,
        "interval": 1.0,
        "assigned_workers": []
    },
    {
        "id": 30,
        "task_type": "TypeC",
        "complexity": 1,
        "quality_threshold": 0.65,
        "location": [
            [
                116.46865,
                39.23831
            ]
        ],
        "num_area": 1,
        "start_time": "09:00:00",
        "end_time": "15:00:00",
        "budget": 50,
        "remain_budget": 50,
        "sensing_time": 10,
        "sensing_rounds": 0,
        "interval": 0,
        "assigned_workers": []
    },
    {
        "id": 31,
        "task_type": "TypeC",
        "complexity": 2,
        "quality_threshold": 0.75,
        "location": [
            [
                116.46051,
                40.13386
            ],
            [
                116.46952,
                40.13386
            ]
        ],
        "num_area": 2,
        "start_time": "08:00:00",
        "end_time": "13:00:00",
        "budget": 140,
        "remain_budget": 140,
        "sensing_time": 30,
        "sensing_rounds": 0,
        "interval": 0,
        "assigned_workers": []
    },
    {
        "id": 32,
        "task_type": "TypeA",
        "complexity": 1,
        "quality_threshold": 0.6,
        "location": [
            116.42832,
            40.04051
        ],
        "num_area": 1,
        "start_time": "12:00:00",
        "end_time": "16:30:00",
        "budget": 150,
        "remain_budget": 150,
        "sensing_time": 5,
        "sensing_rounds": 6,
        "interval": 0.75,
        "assigned_workers": []
    },
    {
        "id": 33,
        "task_type": "TypeA",
        "complexity": 1,
        "quality_threshold": 0.6,
        "location": [
            116.35272,
            40.56365
        ],
        "num_area": 1,
        "start_time": "11:00:00",
        "end_time": "14:00:00",
        "budget": 100,
        "remain_budget": 100,
        "sensing_time": 5,
        "sensing_rounds": 4,
        "interval": 0.75,
        "assigned_workers": []
    },
    {
        "id": 34,
        "task_type": "TypeB",
        "complexity": 2,
        "quality_threshold": 0.7,
        "location": [
            116.32336,
            39.72378
        ],
        "num_area": 1,
        "start_time": "09:00:00",
        "end_time": "11:15:00",
        "budget": 90,
        "remain_budget": 90,
        "sensing_time": 10,
        "sensing_rounds": 3,
        "interval": 0.75,
        "assigned_workers": []
    },
    {
        "id": 35,
        "task_type": "TypeC",
        "complexity": 1,
        "quality_threshold": 0.65,
        "location": [
            [
                116.62768,
                39.73761
            ],
            [
                116.63669,
                39.73761
            ],
            [
                116.6457,
                39.73761
            ]
        ],
        "num_area": 3,
        "start_time": "14:00:00",
        "end_time": "18:00:00",
        "budget": 150,
        "remain_budget": 150,
        "sensing_time": 10,
        "sensing_rounds": 0,
        "interval": 0,
        "assigned_workers": []
    },
    {
        "id": 36,
        "task_type": "TypeB",
        "complexity": 1,
        "quality_threshold": 0.6,
        "location": [
            116.37412,
            40.26833
        ],
        "num_area": 1,
        "start_time": "13:00:00",
        "end_time": "13:45:00",
        "budget": 25,
        "remain_budget": 25,
        "sensing_time": 5,
        "sensing_rounds": 1,
        "interval": 0.75,
        "assigned_workers": []
    },
    {
        "id": 37,
        "task_type": "TypeC",
        "complexity": 3,
        "quality_threshold": 0.8500000000000001,
        "location": [
            [
                116.05137,
                39.936
            ],
            [
                116.06038,
                39.936
            ],
            [
                116.05137,
                39.91678
            ],
            [
                116.06038,
                39.91679
            ]
        ],
        "num_area": 4,
        "start_time": "11:00:00",
        "end_time": "17:00:00",
        "budget": 420,
        "remain_budget": 420,
        "sensing_time": 30,
        "sensing_rounds": 0,
        "interval": 0,
        "assigned_workers": []
    },
    {
        "id": 38,
         "task_type": "TypeC",
        "complexity": 2,
        "quality_threshold": 0.75,
        "location": [
            [
                117.16908,
                40.14083
            ],
            [
                118.17809,
                40.14083
            ]
        ],
        "num_area": 2,
        "start_time": "17:00:00",
        "end_time": "20:00:00",
        "budget": 120,
        "remain_budget": 120,
        "sensing_time": 20,
        "sensing_rounds": 0,
        "interval": 0,
        "assigned_workers": []
    },
    {
        "id": 39,
        "task_type": "TypeC",
        "complexity": 1,
        "quality_threshold": 0.65,
        "location": [
            [
                116.49205,
                41.00926
            ]
        ],
        "num_area": 1,
        "start_time": "12:00:00",
        "end_time": "17:00:00",
        "budget": 50,
        "remain_budget": 50,
        "sensing_time": 10,
        "sensing_rounds": 0,
        "interval": 0,
        "assigned_workers": []
    },
    {
        "id": 40,
        "task_type": "TypeC",
        "complexity": 3,
        "quality_threshold": 0.8500000000000001,
        "location": [
            [
                115.88601,
                39.6597
            ]
        ],
        "num_area": 1,
        "start_time": "09:00:00",
        "end_time": "13:00:00",
        "budget": 70,
        "remain_budget": 70,
        "sensing_time": 30,
        "sensing_rounds": 0,
        "interval": 0,
        "assigned_workers": []
    },
    {
        "id": 41,
        "task_type": "TypeB",
        "complexity": 2,
        "quality_threshold": 0.7,
        "location": [
            116.30638,
            40.27812
        ],
        "num_area": 1,
        "start_time": "18:00:00",
        "end_time": "19:00:00",
        "budget": 30,
        "remain_budget": 30,
        "sensing_time": 10,
        "sensing_rounds": 1,
        "interval": 1.0,
        "assigned_workers": []
    },
    {
        "id": 42,
        "task_type": "TypeD",
        "complexity": 2,
        "quality_threshold": 0.75,
        "location": [
            [
                116.41258,
                40.32856
            ],
            [
                116.41258,
                40.30862
            ]
        ],
        "num_area": 2,
        "start_time": "10:01:11",
        "end_time": "13:01:11",
        "budget": 140,
        "remain_budget": 140,
        "sensing_time": 30,
        "sensing_rounds": 0,
        "interval": 0,
        "assigned_workers": []
    },
    {
        "id": 43,
        "task_type": "TypeC",
        "complexity": 1,
        "quality_threshold": 0.65,
        "location": [
            [
                116.56003,
                40.45035
            ],
            [
                116.56904,
                40.45035
            ]
        ],
        "num_area": 2,
        "start_time": "15:00:00",
        "end_time": "19:00:00",
        "budget": 100,
        "remain_budget": 100,
        "sensing_time": 10,
        "sensing_rounds": 0,
        "interval": 0,
        "assigned_workers": []
    },
    {
        "id": 44,
        "task_type": "TypeB",
        "complexity": 2,
        "quality_threshold": 0.7,
        "location": [
            115.94013,
            40.25426
        ],
        "num_area": 1,
        "start_time": "11:00:00",
        "end_time": "12:00:00",
        "budget": 30,
        "remain_budget": 30,
        "sensing_time": 10,
        "sensing_rounds": 1,
        "interval": 1.0,
        "assigned_workers": []
    },
    {
        "id": 45,
        "task_type": "TypeD",
        "complexity": 2,
        "quality_threshold": 0.75,
        "location": [
            [
                116.37019,
                39.2072
            ],
            [
                116.3792,
                39.2072
            ]
        ],
        "num_area": 2,
        "start_time": "10:08:33",
        "end_time": "12:08:33",
        "budget": 120,
        "remain_budget": 120,
        "sensing_time": 20,
        "sensing_rounds": 0,
        "interval": 0,
        "assigned_workers": []
    },
    {
        "id": 46,
        "task_type": "TypeA",
        "complexity": 1,
        "quality_threshold": 0.6,
        "location": [
            115.9025,
            39.91306
        ],
        "num_area": 1,
        "start_time": "13:00:00",
        "end_time": "18:00:00",
        "budget": 125,
        "remain_budget": 125,
        "sensing_time": 5,
        "sensing_rounds": 5,
        "interval": 1.0,
        "assigned_workers": []
    },
    {
        "id": 47,
        "task_type": "TypeC",
        "complexity": 1,
        "quality_threshold": 0.65,
        "location": [
            [
                116.7087,
                39.49258
            ],
            [
                116.71771,
                39.49258
            ],
            [
                116.72672,
                39.49258
            ]
        ],
        "num_area": 3,
        "start_time": "16:00:00",
        "end_time": "20:00:00",
        "budget": 300,
        "remain_budget": 300,
        "sensing_time": 10,
        "sensing_rounds": 0,
        "interval": 0,
        "assigned_workers": []
    },
    {
        "id": 48,
        "task_type": "TypeD",
        "complexity": 2,
        "quality_threshold": 0.75,
        "location": [
            [
                116.47015,
                40.04418
            ],
            [
                116.47916,
                40.04418
            ]
        ],
        "num_area": 2,
        "start_time": "16:47:51",
        "end_time": "18:47:51",
        "budget": 120,
        "remain_budget": 120,
        "sensing_time": 20,
        "sensing_rounds": 0,
        "interval": 0,
        "assigned_workers": []
    },
    {
        "id": 49,
        "task_type": "TypeD",
        "complexity": 1,
        "quality_threshold": 0.65,
        "location": [
            [
                116.02624,
                40.02855
            ],
            [
                116.02624,
                40.00802
            ]
        ],
        "num_area": 2,
        "start_time": "09:18:09",
        "end_time": "11:18:09",
        "budget": 100,
        "remain_budget": 100,
        "sensing_time": 10,
        "sensing_rounds": 0,
        "interval": 0,
        "assigned_workers": []
    },
    {
        "id": 50,
        "task_type": "TypeD",
        "complexity": 3,
        "quality_threshold": 0.8500000000000001,
        "location": [
            [
                115.91743,
                39.36552
            ]
        ],
        "num_area": 1,
        "start_time": "12:23:25",
        "end_time": "15:23:25",
        "budget": 70,
        "remain_budget": 70,
        "sensing_time": 30,
        "sensing_rounds": 0,
        "interval": 0,
        "assigned_workers": []
    },
    {
        "id": 51,
        "task_type": "TypeD",
        "complexity": 1,
        "quality_threshold": 0.65,
        "location": [
            [
                116.49071,
                39.98896
            ],
            [
                116.49972,
                39.98896
            ]
        ],
        "num_area": 2,
        "start_time": "09:18:52",
        "end_time": "14:18:52",
        "budget": 200,
        "remain_budget": 200,
        "sensing_time": 10,
        "sensing_rounds": 0,
        "interval": 0,
        "assigned_workers": []
    },
    {
        "id": 52,
        "task_type": "TypeB",
        "complexity": 3,
        "quality_threshold": 0.8,
        "location": [
            116.42727,
            40.0825
        ],
        "num_area": 1,
        "start_time": "14:00:00",
        "end_time": "14:45:00",
        "budget": 35,
        "remain_budget": 35,
        "sensing_time": 15,
        "sensing_rounds": 1,
        "interval": 0.75,
        "assigned_workers": []
    },
    {
        "id": 53,
        "task_type": "TypeD",
        "complexity": 2,
        "quality_threshold": 0.75,
        "location": [
            [
                116.42143,
                40.00694
            ],
            [
                116.43044,
                40.00694
            ],
            [
                116.42143,
                39.98669
            ],
            [
                116.43044,
                39.9867
            ]
        ],
        "num_area": 4,
        "start_time": "11:32:30",
        "end_time": "14:32:30",
        "budget": 240,
        "remain_budget": 240,
        "sensing_time": 20,
        "sensing_rounds": 0,
        "interval": 0,
        "assigned_workers": []
    },
    {
        "id": 54,
        "task_type": "TypeB",
        "complexity": 2,
        "quality_threshold": 0.7,
        "location": [
            116.121,
            39.72983
        ],
        "num_area": 1,
        "start_time": "09:00:00",
        "end_time": "10:00:00",
        "budget": 30,
        "remain_budget": 30,
        "sensing_time": 10,
        "sensing_rounds": 1,
        "interval": 1.0,
        "assigned_workers": []
    },
    {
        "id": 55,
        "task_type": "TypeD",
        "complexity": 1,
        "quality_threshold": 0.65,
        "location": [
            [
                116.71699,
                40.34064
            ],
            [
                116.726,
                40.34064
            ],
            [
                116.71699,
                40.3206
            ],
            [
                116.726,
                40.32061
            ]
        ],
        "num_area": 4,
        "start_time": "17:16:50",
        "end_time": "20:00:00",
        "budget": 200,
        "remain_budget": 200,
        "sensing_time": 10,
        "sensing_rounds": 0,
        "interval": 0,
        "assigned_workers": []
    },
    {
        "id": 56,
        "task_type": "TypeD",
        "complexity": 2,
        "quality_threshold": 0.75,
        "location": [
            [
                116.06543,
                39.70021
            ]
        ],
        "num_area": 1,
        "start_time": "17:37:25",
        "end_time": "20:00:00",
        "budget": 60,
        "remain_budget": 60,
        "sensing_time": 20,
        "sensing_rounds": 0,
        "interval": 0,
        "assigned_workers": []
    },
    {
        "id": 57,
        "task_type": "TypeA",
        "complexity": 2,
        "quality_threshold": 0.7,
        "location": [
            116.59243,
            40.08247
        ],
        "num_area": 1,
        "start_time": "09:00:00",
        "end_time": "12:00:00",
        "budget": 120,
        "remain_budget": 120,
        "sensing_time": 10,
        "sensing_rounds": 4,
        "interval": 0.75,
        "assigned_workers": []
    },
    {
        "id": 58,
        "task_type": "TypeB",
        "complexity": 3,
        "quality_threshold": 0.8,
        "location": [
            116.55889,
            40.3892
        ],
        "num_area": 1,
        "start_time": "11:00:00",
        "end_time": "12:30:00",
        "budget": 70,
        "remain_budget": 70,
        "sensing_time": 15,
        "sensing_rounds": 2,
        "interval": 0.75,
        "assigned_workers": []
    },
    {
        "id": 59,
        "task_type": "TypeA",
        "complexity": 2,
        "quality_threshold": 0.7,
        "location": [
            116.38443,
            40.59529
        ],
        "num_area": 1,
        "start_time": "13:00:00",
        "end_time": "16:00:00",
        "budget": 120,
        "remain_budget": 120,
        "sensing_time": 10,
        "sensing_rounds": 3,
        "interval": 1.0,
        "assigned_workers": []
    },
    {
        "id": 60,
        "task_type": "TypeB",
        "complexity": 1,
        "quality_threshold": 0.6,
        "location": [
            116.27623,
            40.26102
        ],
        "num_area": 1,
        "start_time": "12:00:00",
        "end_time": "13:00:00",
        "budget": 25,
        "remain_budget": 25,
        "sensing_time": 5,
        "sensing_rounds": 1,
        "interval": 1.0,
        "assigned_workers": []
    },
    {
        "id": 61,
        "task_type": "TypeA",
        "complexity": 1,
        "quality_threshold": 0.6,
        "location": [
            115.86813,
            39.95531
        ],
        "num_area": 1,
        "start_time": "14:00:00",
        "end_time": "18:30:00",
        "budget": 150,
        "remain_budget": 150,
        "sensing_time": 5,
        "sensing_rounds": 6,
        "interval": 0.75,
        "assigned_workers": []
    },
    {
        "id": 62,
        "task_type": "TypeB",
        "complexity": 2,
        "quality_threshold": 0.7,
        "location": [
            116.46844,
            40.34806
        ],
        "num_area": 1,
        "start_time": "14:00:00",
        "end_time": "16:15:00",
        "budget": 90,
        "remain_budget": 90,
        "sensing_time": 10,
        "sensing_rounds": 3,
        "interval": 0.75,
        "assigned_workers": []
    },
    {
        "id": 63,
        "task_type": "TypeC",
        "complexity": 2,
        "quality_threshold": 0.75,
        "location": [
            [
                116.15015,
                39.61526
            ]
        ],
        "num_area": 1,
        "start_time": "13:00:00",
        "end_time": "17:00:00",
        "budget": 60,
        "remain_budget": 60,
        "sensing_time": 20,
        "sensing_rounds": 0,
        "interval": 0,
        "assigned_workers": []
    },
    {
        "id": 64,
        "task_type": "TypeA",
        "complexity": 2,
        "quality_threshold": 0.7,
        "location": [
            116.31005,
            39.5145
        ],
        "num_area": 1,
        "start_time": "15:00:00",
        "end_time": "18:45:00",
        "budget": 150,
        "remain_budget": 150,
        "sensing_time": 10,
        "sensing_rounds": 5,
        "interval": 0.75,
        "assigned_workers": []
    },
    {
        "id": 65,
        "task_type": "TypeD",
        "complexity": 2,
        "quality_threshold": 0.75,
        "location": [
            [
                117.15281,
                39.85844
            ]
        ],
        "num_area": 1,
        "start_time": "13:25:27",
        "end_time": "17:25:27",
        "budget": 60,
        "remain_budget": 60,
        "sensing_time": 20,
        "sensing_rounds": 0,
        "interval": 0,
        "assigned_workers": []
    },
    {
        "id": 66,
        "task_type": "TypeD",
        "complexity": 3,
        "quality_threshold": 0.8500000000000001,
        "location": [
            [
                116.20813,
                40.53265
            ],
            [
                116.21714,
                40.53265
            ],
            [
                116.20813,
                40.51295
            ],
            [
                116.21714,
                40.51295
            ]
        ],
        "num_area": 4,
        "start_time": "14:17:57",
        "end_time": "17:17:57",
        "budget": 280,
        "remain_budget": 280,
        "sensing_time": 30,
        "sensing_rounds": 0,
        "interval": 0,
        "assigned_workers": []
    },
    {
        "id": 67,
        "task_type": "TypeD",
        "complexity": 2,
        "quality_threshold": 0.75,
        "location": [
            [
                115.81563,
                39.84717
            ],
            [
                115.82464,
                39.84717
            ],
            [
                115.81563,
                39.82648
            ],
            [
                115.82464,
                39.82649
            ]
        ],
        "num_area": 4,
        "start_time": "11:40:00",
        "end_time": "13:40:00",
        "budget": 240,
        "remain_budget": 240,
        "sensing_time": 20,
        "sensing_rounds": 0,
        "interval": 0,
        "assigned_workers": []
    },
    {
        "id": 68,
        "task_type": "TypeD",
        "complexity": 1,
        "quality_threshold": 0.65,
        "location": [
            [
                116.46987,
                40.62501
            ],
            [
                116.47888,
                40.62501
            ]
        ],
        "num_area": 2,
        "start_time": "16:55:15",
        "end_time": "20:00:00",
        "budget": 100,
        "remain_budget": 100,
        "sensing_time": 10,
        "sensing_rounds": 0,
        "interval": 0,
        "assigned_workers": []
    },
    {
        "id": 69,
        "task_type": "TypeC",
        "complexity": 2,
        "quality_threshold": 0.75,
        "location": [
            [
                116.77719,
                39.89205
            ],
            [
                116.7862,
                39.89205
            ]
        ],
        "num_area": 2,
        "start_time": "12:00:00",
        "end_time": "18:00:00",
        "budget": 120,
        "remain_budget": 120,
        "sensing_time": 20,
        "sensing_rounds": 0,
        "interval": 0,
        "assigned_workers": []
    },
    {
        "id": 70,
        "task_type": "TypeB",
        "complexity": 1,
        "quality_threshold": 0.6,
        "location": [
            116.05575,
            39.17197
        ],
        "num_area": 1,
        "start_time": "12:00:00",
        "end_time": "15:00:00",
        "budget": 75,
        "remain_budget": 75,
        "sensing_time": 5,
        "sensing_rounds": 3,
        "interval": 1.0,
        "assigned_workers": []
    },
    {
        "id": 71,
        "task_type": "TypeA",
        "complexity": 2,
        "quality_threshold": 0.7,
        "location": [
            116.4802,
            40.17086
        ],
        "num_area": 1,
        "start_time": "15:00:00",
        "end_time": "18:45:00",
        "budget": 150,
        "remain_budget": 150,
        "sensing_time": 10,
        "sensing_rounds": 5,
        "interval": 0.75,
        "assigned_workers": []
    },
    {
        "id": 72,
        "task_type": "TypeA",
        "complexity": 1,
        "quality_threshold": 0.6,
        "location": [
            116.17224,
            39.84942
        ],
        "num_area": 1,
        "start_time": "09:00:00",
        "end_time": "12:45:00",
        "budget": 125,
        "remain_budget": 125,
        "sensing_time": 5,
        "sensing_rounds": 5,
        "interval": 0.75,
        "assigned_workers": []
    },
    {
        "id": 73,
        "task_type": "TypeD",
        "complexity": 2,
        "quality_threshold": 0.75,
        "location": [
            [
                115.97943,
                39.27271
            ]
        ],
        "num_area": 1,
        "start_time": "08:19:33",
        "end_time": "12:19:33",
        "budget": 60,
        "remain_budget": 60,
        "sensing_time": 20,
        "sensing_rounds": 0,
        "interval": 0,
        "assigned_workers": []
    },
    {
        "id": 74,
        "task_type": "TypeB",
        "complexity": 1,
        "quality_threshold": 0.6,
        "location": [
            116.37306,
            39.89342
        ],
        "num_area": 1,
        "start_time": "16:00:00",
        "end_time": "18:15:00",
        "budget": 75,
        "remain_budget": 75,
        "sensing_time": 5,
        "sensing_rounds": 3,
        "interval": 0.75,
        "assigned_workers": []
    },
    {
        "id": 75,
        "task_type": "TypeD",
        "complexity": 2,
        "quality_threshold": 0.75,
        "location": [
            [
                116.43847,
                39.7781
            ],
            [
                116.43847,
                39.75787
            ]
        ],
        "num_area": 2,
        "start_time": "11:23:44",
        "end_time": "15:23:44",
        "budget": 120,
        "remain_budget": 120,
        "sensing_time": 20,
        "sensing_rounds": 0,
        "interval": 0,
        "assigned_workers": []
    },
    {
        "id": 76,
        "task_type": "TypeC",
        "complexity": 3,
        "quality_threshold": 0.8500000000000001,
        "location": [
            [
                116.09745,
                40.01666
            ],
            [
                116.10646,
                40.01666
            ]
        ],
        "num_area": 2,
        "start_time": "13:00:00",
        "end_time": "19:00:00",
        "budget": 140,
        "remain_budget": 140,
        "sensing_time": 30,
        "sensing_rounds": 0,
        "interval": 0,
        "assigned_workers": []
    },
    {
        "id": 77,
        "task_type": "TypeA",
        "complexity": 2,
        "quality_threshold": 0.7,
        "location": [
            116.43828,
            40.44504
        ],
        "num_area": 1,
        "start_time": "10:00:00",
        "end_time": "15:00:00",
        "budget": 150,
        "remain_budget": 150,
        "sensing_time": 10,
        "sensing_rounds": 5,
        "interval": 1.0,
        "assigned_workers": []
    },
    {
        "id": 78,
        "task_type": "TypeB",
        "complexity": 3,
        "quality_threshold": 0.8,
        "location": [
            116.31778,
            39.41868
        ],
        "num_area": 1,
        "start_time": "14:00:00",
        "end_time": "17:00:00",
        "budget": 105,
        "remain_budget": 105,
        "sensing_time": 15,
        "sensing_rounds": 3,
        "interval": 1.0,
        "assigned_workers": []
    },
    {
        "id": 79,
        "task_type": "TypeB",
        "complexity": 3,
        "quality_threshold": 0.8,
        "location": [
            116.18544,
            40.23359
        ],
        "num_area": 1,
        "start_time": "10:00:00",
        "end_time": "11:00:00",
        "budget": 35,
        "remain_budget": 35,
        "sensing_time": 15,
        "sensing_rounds": 1,
        "interval": 1.0,
        "assigned_workers": []
    },
    {
        "id": 80,
        "task_type": "TypeB",
        "complexity": 3,
        "quality_threshold": 0.8,
        "location": [
            116.2478,
            39.69457
        ],
        "num_area": 1,
        "start_time": "13:00:00",
        "end_time": "16:00:00",
        "budget": 140,
        "remain_budget": 140,
        "sensing_time": 15,
        "sensing_rounds": 4,
        "interval": 0.75,
        "assigned_workers": []
    },
    {
        "id": 81,
        "task_type": "TypeD",
        "complexity": 1,
        "quality_threshold": 0.65,
        "location": [
            [
                116.3114,
                39.10284
            ],
            [
                116.32041,
                39.10284
            ],
            [
                116.3114,
                39.08252
            ],
            [
                116.32041,
                39.08252
            ]
        ],
        "num_area": 4,
        "start_time": "15:41:05",
        "end_time": "17:41:05",
        "budget": 200,
        "remain_budget": 200,
        "sensing_time": 10,
        "sensing_rounds": 0,
        "interval": 0,
        "assigned_workers": []
    },
    {
        "id": 82,
        "task_type": "TypeD",
        "complexity": 3,
        "quality_threshold": 0.8500000000000001,
        "location": [
            [
                116.54032,
                39.42016
            ]
        ],
        "num_area": 1,
        "start_time": "13:54:03",
        "end_time": "16:54:03",
        "budget": 70,
        "remain_budget": 70,
        "sensing_time": 30,
        "sensing_rounds": 0,
        "interval": 0,
        "assigned_workers": []
    },
    {
        "id": 83,
        "task_type": "TypeD",
        "complexity": 3,
        "quality_threshold": 0.8500000000000001,
        "location": [
            [
                116.33843,
                40.61654
            ]
        ],
        "num_area": 1,
        "start_time": "13:02:36",
        "end_time": "16:02:36",
        "budget": 70,
        "remain_budget": 70,
        "sensing_time": 30,
        "sensing_rounds": 0,
        "interval": 0,
        "assigned_workers": []
    },
    {
        "id": 84,
        "task_type": "TypeD",
        "complexity": 1,
        "quality_threshold": 0.65,
        "location": [
            [
                116.88649,
                39.89623
            ],
            [
                116.8955,
                39.89623
            ],
            [
                116.88649,
                39.87631
            ],
            [
                116.8955,
                39.87631
            ]
        ],
        "num_area": 4,
        "start_time": "16:58:22",
        "end_time": "18:58:22",
        "budget": 200,
        "remain_budget": 200,
        "sensing_time": 10,
        "sensing_rounds": 0,
        "interval": 0,
        "assigned_workers": []
    },
    {
        "id": 85,
        "task_type": "TypeA",
        "complexity": 1,
        "quality_threshold": 0.6,
        "location": [
            116.28931,
            39.43787
        ],
        "num_area": 1,
        "start_time": "12:00:00",
        "end_time": "17:00:00",
        "budget": 125,
        "remain_budget": 125,
        "sensing_time": 5,
        "sensing_rounds": 5,
        "interval": 1.0,
        "assigned_workers": []
    },
    {
        "id": 86,
        "task_type": "TypeB",
        "complexity": 2,
        "quality_threshold": 0.7,
        "location": [
            116.10929,
            40.18175
        ],
        "num_area": 1,
        "start_time": "10:00:00",
        "end_time": "14:00:00",
        "budget": 120,
        "remain_budget": 120,
        "sensing_time": 10,
        "sensing_rounds": 4,
        "interval": 1.0,
        "assigned_workers": []
    },
    {
        "id": 87,
        "task_type": "TypeA",
        "complexity": 2,
        "quality_threshold": 0.7,
        "location": [
            116.34962,
            40.25436
        ],
        "num_area": 1,
        "start_time": "13:00:00",
        "end_time": "19:00:00",
        "budget": 180,
        "remain_budget": 180,
        "sensing_time": 10,
        "sensing_rounds": 6,
        "interval": 1.0,
        "assigned_workers": []
    },
    {
        "id": 88,
        "task_type": "TypeA",
        "complexity": 1,
        "quality_threshold": 0.6,
        "location": [
            116.37399,
            40.43476
        ],
        "num_area": 1,
        "start_time": "12:00:00",
        "end_time": "17:00:00",
        "budget": 125,
        "remain_budget": 125,
        "sensing_time": 5,
        "sensing_rounds": 5,
        "interval": 1.0,
        "assigned_workers": []
    },
    {
        "id": 89,
        "task_type": "TypeC",
        "complexity": 1,
        "quality_threshold": 0.65,
        "location": [
            [
                116.38536,
                40.68846
            ],
            [
                116.38536,
                40.66932
            ],
            [
                116.38536,
                40.65019
            ]
        ],
        "num_area": 3,
        "start_time": "10:00:00",
        "end_time": "14:00:00",
        "budget": 150,
        "remain_budget": 150,
        "sensing_time": 10,
        "sensing_rounds": 0,
        "interval": 0,
        "assigned_workers": []
    },
    {
        "id": 90,
        "task_type": "TypeD",
        "complexity": 2,
        "quality_threshold": 0.75,
        "location": [
            [
                116.40442,
                39.26822
            ],
            [
                116.41343,
                39.26822
            ]
        ],
        "num_area": 2,
        "start_time": "13:07:02",
        "end_time": "16:07:02",
        "budget": 120,
        "remain_budget": 120,
        "sensing_time": 20,
        "sensing_rounds": 0,
        "interval": 0,
        "assigned_workers": []
    },
    {
        "id": 91,
        "task_type": "TypeD",
        "complexity": 2,
        "quality_threshold": 0.75,
        "location": [
            [
                116.91252,
                40.11697
            ],
            [
                116.92153,
                40.11697
            ]
        ],
        "num_area": 2,
        "start_time": "12:19:21",
        "end_time": "16:19:21",
        "budget": 120,
        "remain_budget": 120,
        "sensing_time": 20,
        "sensing_rounds": 0,
        "interval": 0,
        "assigned_workers": []
    },
    {
        "id": 92,
        "task_type": "TypeA",
        "complexity": 2,
        "quality_threshold": 0.7,
        "location": [
            116.36103,
            40.39131
        ],
        "num_area": 1,
        "start_time": "12:00:00",
        "end_time": "15:00:00",
        "budget": 120,
        "remain_budget": 120,
        "sensing_time": 10,
        "sensing_rounds": 4,
        "interval": 0.75,
        "assigned_workers": []
    },
    {
        "id": 93,
        "task_type": "TypeB",
        "complexity": 2,
        "quality_threshold": 0.7,
        "location": [
            116.46362,
            39.89391
        ],
        "num_area": 1,
        "start_time": "15:00:00",
        "end_time": "16:30:00",
        "budget": 70,
        "remain_budget": 70,
        "sensing_time": 15,
        "sensing_rounds": 2,
        "interval": 0.75,
        "assigned_workers": []
    },
    {
        "id": 94,
        "task_type": "TypeC",
        "complexity": 1,
        "quality_threshold": 0.65,
        "location": [
            [
                116.14767,
                40.13186
            ],
            [
                116.15668,
                40.13186
            ],
            [
                116.14767,
                40.11142
            ],
            [
                116.15668,
                40.11142
            ],
            [
                116.14767,
                40.09097
            ],
            [
                116.15668,
                40.09099
            ]
        ],
        "num_area": 6,
        "start_time": "08:00:00",
        "end_time": "14:00:00",
        "budget": 300,
        "remain_budget": 300,
        "sensing_time": 10,
        "sensing_rounds": 0,
        "interval": 0,
        "assigned_workers": []
    },
    {
        "id": 95,
        "task_type": "TypeA",
        "complexity": 1,
        "quality_threshold": 0.6,
        "location": [
            116.14559,
            40.08024
        ],
        "num_area": 1,
        "start_time": "12:00:00",
        "end_time": "15:45:00",
        "budget": 125,
        "remain_budget": 125,
        "sensing_time": 5,
        "sensing_rounds": 5,
        "interval": 0.75,
        "assigned_workers": []
    },
    {
        "id": 96,
        "task_type": "TypeD",
        "complexity": 3,
        "quality_threshold": 0.8,
        "location": [
            [
                116.37011,
                39.5294
            ],
            [
                116.37912,
                39.5294
            ]
        ],
        "num_area": 2,
        "start_time": "15:23:02",
        "end_time": "18:23:02",
        "budget": 120,
        "remain_budget": 120,
        "sensing_time": 20,
        "sensing_rounds": 0,
        "interval": 0,
        "assigned_workers": []
    },
    {
        "id": 97,
        "task_type": "TypeD",
        "complexity": 1,
        "quality_threshold": 0.65,
        "location": [
            [
                116.04891,
                40.59196
            ],
            [
                116.05792,
                40.59196
            ]
        ],
        "num_area": 2,
        "start_time": "12:50:57",
        "end_time": "16:50:57",
        "budget": 100,
        "remain_budget": 100,
        "sensing_time": 10,
        "sensing_rounds": 0,
        "interval": 0,
        "assigned_workers": []
    },
    {
        "id": 98,
        "task_type": "TypeC",
        "complexity": 2,
        "quality_threshold": 0.75,
        "location": [
            [
                117.11352,
                40.17089
            ],
            [
                117.12253,
                40.17089
            ]
        ],
        "num_area": 2,
        "start_time": "08:00:00",
        "end_time": "13:00:00",
        "budget": 120,
        "remain_budget": 120,
        "sensing_time": 20,
        "sensing_rounds": 0,
        "interval": 0,
        "assigned_workers": []
    },
    {
        "id": 99,
        "task_type": "TypeC",
        "complexity": 3,
        "quality_threshold": 0.8500000000000001,
        "location": [
            [
                116.29374,
                39.93898
            ],
            [
                116.30275,
                39.93898
            ]
        ],
        "num_area": 2,
        "start_time": "13:00:00",
        "end_time": "19:00:00",
        "budget": 140,
        "remain_budget": 140,
        "sensing_time": 30,
        "sensing_rounds": 0,
        "interval": 0,
        "assigned_workers": []
    },
    {
        "id": 100,
        "task_type": "TypeA",
        "complexity": 3,
        "quality_threshold": 0.8,
        "location": [
            116.47748,
            39.62459
        ],
        "num_area": 1,
        "start_time": "12:00:00",
        "end_time": "18:00:00",
        "budget": 180,
        "remain_budget": 180,
        "sensing_time": 10,
        "sensing_rounds": 6,
        "interval": 1.0,
        "assigned_workers": []
    },
    {
        "id": 101,
        "task_type": "TypeB",
        "complexity": 2,
        "quality_threshold": 0.7,
        "location": [
            116.22384,
            39.97151
        ],
        "num_area": 1,
        "start_time": "09:00:00",
        "end_time": "11:00:00",
        "budget": 70,
        "remain_budget": 70,
        "sensing_time": 15,
        "sensing_rounds": 2,
        "interval": 1,
        "assigned_workers": []
    },
    {
        "id": 102,
        "task_type": "TypeC",
        "complexity": 1,
        "quality_threshold": 0.65,
        "location": [
            [
                117.07997,
                39.38343
            ],
            [
                117.08898,
                39.38343
            ]
        ],
        "num_area": 2,
        "start_time": "11:00:00",
        "end_time": "15:00:00",
        "budget": 100,
        "remain_budget": 100,
        "sensing_time": 10,
        "sensing_rounds": 0,
        "interval": 0,
        "assigned_workers": []
    },
    {
        "id": 103,
        "task_type": "TypeB",
        "complexity": 3,
        "quality_threshold": 0.8,
        "location": [
            116.45677,
            39.62505
        ],
        "num_area": 1,
        "start_time": "9:00:00",
        "end_time": "12:00:00",
        "budget": 140,
        "remain_budget": 140,
        "sensing_time": 15,
        "sensing_rounds": 4,
        "interval": 0.75,
        "assigned_workers": []
    },
    {
        "id": 104,
        "task_type": "TypeA",
        "complexity": 2,
        "quality_threshold": 0.7,
        "location": [
            117.09724,
            40.14836
        ],
        "num_area": 1,
        "start_time": "11:00:00",
        "end_time": "15:00:00",
        "budget": 120,
        "remain_budget": 120,
        "sensing_time": 10,
        "sensing_rounds": 4,
        "interval": 1.0,
        "assigned_workers": []
    },
    {
        "id": 105,
        "task_type": "TypeD",
        "complexity": 1,
        "quality_threshold": 0.65,
        "location": [
            [
                115.99899,
                40.42211
            ]
        ],
        "num_area": 1,
        "start_time": "08:40:42",
        "end_time": "10:40:42",
        "budget": 50,
        "remain_budget": 50,
        "sensing_time": 10,
        "sensing_rounds": 0,
        "interval": 0,
        "assigned_workers": []
    },
    {
        "id": 106,
        "task_type": "TypeB",
        "complexity": 2,
        "quality_threshold": 0.8,
        "location": [
            116.58069,
            40.09719
        ],
        "num_area": 1,
        "start_time": "15:00:00",
        "end_time": "18:00:00",
        "budget": 140,
        "remain_budget": 140,
        "sensing_time": 15,
        "sensing_rounds": 4,
        "interval": 0.75,
        "assigned_workers": []
    },
    {
        "id": 107,
        "task_type": "TypeB",
        "complexity": 3,
        "quality_threshold": 0.8,
        "location": [
            116.49703,
            39.95065
        ],
        "num_area": 1,
        "start_time": "15:00:00",
        "end_time": "18:00:00",
        "budget": 140,
        "remain_budget": 140,
        "sensing_time": 15,
        "sensing_rounds": 4,
        "interval": 0.75,
        "assigned_workers": []
    },
    {
        "id": 108,
        "task_type": "TypeC",
        "complexity": 3,
        "quality_threshold": 0.8500000000000001,
        "location": [
            [
                116.42086,
                40.34247
            ],
            [
                116.42987,
                40.34247
            ],
            [
                116.43888,
                40.34247
            ]
        ],
        "num_area": 3,
        "start_time": "09:00:00",
        "end_time": "14:00:00",
        "budget": 210,
        "remain_budget": 210,
        "sensing_time": 30,
        "sensing_rounds": 0,
        "interval": 0,
        "assigned_workers": []
    },
    {
        "id": 109,
        "task_type": "TypeB",
        "complexity": 2,
        "quality_threshold": 0.7,
        "location": [
            116.29079,
            39.78079
        ],
        "num_area": 1,
        "start_time": "08:00:00",
        "end_time": "09:00:00",
        "budget": 35,
        "remain_budget": 35,
        "sensing_time": 15,
        "sensing_rounds": 1,
        "interval": 1.0,
        "assigned_workers": []
    },
    {
        "id": 110,
        "task_type": "TypeC",
        "complexity": 1,
        "quality_threshold": 0.65,
        "location": [
            [
                116.38208,
                40.53393
            ],
            [
                116.39109,
                40.53393
            ],
            [
                116.4001,
                40.53393
            ],
            [
                116.38208,
                40.51366
            ],
            [
                116.39109,
                40.51366
            ],
            [
                116.4001,
                40.51367
            ]
        ],
        "num_area": 6,
        "start_time": "17:00:00",
        "end_time": "20:00:00",
        "budget": 300,
        "remain_budget": 300,
        "sensing_time": 10,
        "sensing_rounds": 0,
        "interval": 0,
        "assigned_workers": []
    },
    {
        "id": 111,
        "task_type": "TypeA",
        "complexity": 2,
        "quality_threshold": 0.7,
        "location": [
            116.54779,
            40.68736
        ],
        "num_area": 1,
        "start_time": "09:00:00",
        "end_time": "15:00:00",
        "budget": 180,
        "remain_budget": 180,
        "sensing_time": 10,
        "sensing_rounds": 6,
        "interval": 1.0,
        "assigned_workers": []
    },
    {
        "id": 112,
        "task_type": "TypeB",
        "complexity": 3,
        "quality_threshold": 0.8,
        "location": [
            116.46444,
            40.12092
        ],
        "num_area": 1,
        "start_time": "16:00:00",
        "end_time": "19:00:00",
        "budget": 140,
        "remain_budget": 140,
        "sensing_time": 15,
        "sensing_rounds": 4,
        "interval": 0.75,
        "assigned_workers": []
    },
    {
        "id": 113,
        "task_type": "TypeA",
        "complexity": 2,
        "quality_threshold": 0.7,
        "location": [
            116.29211,
            39.78321
        ],
        "num_area": 1,
        "start_time": "09:00:00",
        "end_time": "15:00:00",
        "budget": 180,
        "remain_budget": 180,
        "sensing_time": 10,
        "sensing_rounds": 6,
        "interval": 1.0,
        "assigned_workers": []
    },
    {
        "id": 114,
        "task_type": "TypeA",
        "complexity": 2,
        "quality_threshold": 0.7,
        "location": [
            116.3707,
            39.5717
        ],
        "num_area": 1,
        "start_time": "09:00:00",
        "end_time": "12:00:00",
        "budget": 120,
        "remain_budget": 120,
        "sensing_time": 10,
        "sensing_rounds": 4,
        "interval": 0.75,
        "assigned_workers": []
    },
    {
        "id": 115,
        "task_type": "TypeD",
        "complexity": 1,
        "quality_threshold": 0.65,
        "location": [
            [
                116.74408,
                39.94574
            ],
            [
                116.75309,
                39.94574
            ],
            [
                116.74408,
                39.92572
            ],
            [
                116.75309,
                39.92573
            ]
        ],
        "num_area": 4,
        "start_time": "15:43:15",
        "end_time": "17:43:15",
        "budget": 200,
        "remain_budget": 200,
        "sensing_time": 10,
        "sensing_rounds": 0,
        "interval": 0,
        "assigned_workers": []
    },
    {
        "id": 116,
        "task_type": "TypeD",
        "complexity": 1,
        "quality_threshold": 0.65,
        "location": [
            [
                115.63428,
                40.13057
            ]
        ],
        "num_area": 1,
        "start_time": "12:03:17",
        "end_time": "15:03:17",
        "budget": 50,
        "remain_budget": 50,
        "sensing_time": 10,
        "sensing_rounds": 0,
        "interval": 0,
        "assigned_workers": []
    },
    {
        "id": 117,
        "task_type": "TypeA",
        "complexity": 2,
        "quality_threshold": 0.7,
        "location": [
            116.56718,
            40.8522
        ],
        "num_area": 1,
        "start_time": "11:00:00",
        "end_time": "14:45:00",
        "budget": 150,
        "remain_budget": 150,
        "sensing_time": 10,
        "sensing_rounds": 5,
        "interval": 0.75,
        "assigned_workers": []
    },
    {
        "id": 118,
        "task_type": "TypeD",
        "complexity": 1,
        "quality_threshold": 0.65,
        "location": [
            [
                116.40994,
                39.50845
            ],
            [
                116.41895,
                39.50845
            ],
            [
                116.40994,
                39.48867
            ],
            [
                116.41895,
                39.48867
            ]
        ],
        "num_area": 4,
        "start_time": "10:27:21",
        "end_time": "13:27:21",
        "budget": 200,
        "remain_budget": 200,
        "sensing_time": 10,
        "sensing_rounds": 0,
        "interval": 0,
        "assigned_workers": []
    },
    {
        "id": 119,
        "task_type": "TypeC",
        "complexity": 2,
        "quality_threshold": 0.75,
        "location": [
            [
                116.37859,
                40.21479
            ],
            [
                116.3876,
                40.21479
            ]
        ],
        "num_area": 2,
        "start_time": "09:00:00",
        "end_time": "13:00:00",
        "budget": 120,
        "remain_budget": 120,
        "sensing_time": 20,
        "sensing_rounds": 0,
        "interval": 0,
        "assigned_workers": []
    },
    {
        "id": 120,
        "task_type": "TypeD",
        "complexity": 2,
        "quality_threshold": 0.75,
        "location": [
            [
                116.69151,
                40.13878
            ],
            [
                116.70052,
                40.13878
            ]
        ],
        "num_area": 2,
        "start_time": "9:34:41",
        "end_time": "11:34:41",
        "budget": 120,
        "remain_budget": 120,
        "sensing_time": 20,
        "sensing_rounds": 0,
        "interval": 0,
        "assigned_workers": []
    }
]